qid,prompt,groundtruth
1,"A woman opens a treasure chest. What would have happened if the woman had not opened the treasure chest?	A: The treasure chest would have been open.	B: The treasure chest would have remained closed.	C: That is not possible.		Provide your answer within the tags, <Answer>A/B/C</Answer>.",B
2,"A police officer calms down a hostage-taker. What would have happened if the police officer had not calmed the hostage-taker?	A: The hostages would have remained in danger.	B: That is not possible.	C: The hostage-taker would have released the hostages anyway.		Provide your answer within the tags, <Answer>A/B/C</Answer>.",A
3,"A man talks about a lion. What would have happened if the man had talked to the lion?	A: Without a barrier, the man would have been eaten.	B: Without a barrier, the lion would have been eaten.	C: Nothing special would have happened.		Provide your answer within the tags, <Answer>A/B/C</Answer>.",A
4,"A girl kisses a boy. What would have happened if the girl had slapped the boy?	A: The girl would have been happy.	B: That is not possible.	C: The girl would have been angry.		Provide your answer within the tags, <Answer>A/B/C</Answer>.",C
5,"A girl kisses a boy. What would have happened if the girl had killed the boy?	A: She would have been liable to prosecution.	B: That is not possible.	C: The boy would have kissed the girl.	D: The boy would have been arrested for assault.		Provide your answer within the tags, <Answer>A/B/C/D</Answer>.",A
6,"A woman sees a fire. What would have happened if the woman had touched the fire?	A: She would have seen fire.	B: That is not possible.	C: She would not have been burned.	D: She would have been burned.		Provide your answer within the tags, <Answer>A/B/C/D</Answer>.",D
7,"A woman sees a fire. What would have happened if the woman had fed the fire?	A: The fire would have been on the woman's shoulder.	B: The fire would have been not hungry anymore.	C: The fire would have become larger.	D: That is not possible.		Provide your answer within the tags, <Answer>A/B/C/D</Answer>.",C
8,"A branch floats in a pond. What would have happened if a corpse had floated in the pond?	A: The corpse would have been shot.	B: The corpse would have swum back to the barge.	C: That is not possible.	D: The lake would have been a crime scene.		Provide your answer within the tags, <Answer>A/B/C/D</Answer>.",D
9,"A branch floats in a pond. What would have happened if a branch had sung in the pond?	A: It would have been a great concert.	B: It would have been the usual branch singing.	C: It would have got stuck.	D: That is not possible.		Provide your answer within the tags, <Answer>A/B/C/D</Answer>.",D
10,"A bird lands in a forest. What would have happened if a plane had landed in the forest?	A: In a forest you will find lots of planes.	B: Everything would have been fine.	C: The plane would have crashed.	D: The plane would have landed safe and sound.		Provide your answer within the tags, <Answer>A/B/C/D</Answer>.",C
11,"A bird lands in a forest. What would have happened if a meteor had landed in the forest?	A: That is not possible.	B: The bird would have liked the meteor.	C: A big one would have started a wildfire.		Provide your answer within the tags, <Answer>A/B/C</Answer>.",C
12,"A woman drives on a highway. What would have happened if a child had driven on the highway?	A: It would have been dangerous and illegal.	B: The child wouldn't be driving.	C: The child would have probably died.	D: The woman would have been a licensed driver.		Provide your answer within the tags, <Answer>A/B/C/D</Answer>.",A
13,"A pebble falls from a skyscraper. What would have happened if a man had fallen from the skyscraper?	A: The man would have died.	B: The man would have landed joyfully.	C: Pebbles don't fall from skyscrapers.	D: The whole city would be destroyed.		Provide your answer within the tags, <Answer>A/B/C/D</Answer>.",A
14,"A pebble falls from a skyscraper. What would have happened if a laptop had fallen from a skyscraper?	A: The pebble would have bounced off the concrete and fallen to the ground.	B: That is not possible.	C: The laptop would have been crushed.	D: The laptop would have hit the pebble.		Provide your answer within the tags, <Answer>A/B/C/D</Answer>.",C
15,"A mother bears a child. What would have happened if the child had born a mother?	A: The child would have had a healthy baby.	B: That is not possible.	C: The baby would've been fine.		Provide your answer within the tags, <Answer>A/B/C</Answer>.",B
16,"A mother bears a child. What would have happened if the mother had born a stroller?	A: The mother would have had a healthy perambulator.	B: The child would have ridden in the perambulator.	C: That is not possible.		Provide your answer within the tags, <Answer>A/B/C</Answer>.",C
17,"A man catches a ball. What would have happened if the man had caught a water balloon?	A: He would have caught the ball and not the balloon.	B: He would have remained dry.	C: He would have died.	D: He would have got wet.		Provide your answer within the tags, <Answer>A/B/C/D</Answer>.",D
18,"A man catches a ball. What would have happened if the man had caught a refrigerator?	A: He would have thrown it back.	B: Everything would have been fine.	C: He would have got hurt.	D: That man would have been a refrigerator.		Provide your answer within the tags, <Answer>A/B/C/D</Answer>.",C
19,"A mortician prepares a corpse. What would have happened if the mortician had prepared a dinner?	A: The mortician would have killed the corpse.	B: The dinner would have been buried.	C: He would have had a delicious dish.	D: Morticians cannot prepare dinners.		Provide your answer within the tags, <Answer>A/B/C/D</Answer>.",C
20,"A family starts a trip. What would have happened if the family had ended the trip?	A: The journey would have begun.	B: That is not possible.	C: The journey would have come to an end.	D: The family would have used their car.		Provide your answer within the tags, <Answer>A/B/C/D</Answer>.",C
21,"A president rides a horse. What would have happened if the president had ridden a garden hose?	A: It would have looked silly.	B: They would have been faster.	C: There are no garden horses.	D: Nothing special would have happened.		Provide your answer within the tags, <Answer>A/B/C/D</Answer>.",A
22,"A president rides a horse. What would have happened if the president had ridden a motorcycle?	A: That is not possible.	B: The horse would have died.	C: She or he would have enjoyed riding the horse.	D: She or he would have been faster.		Provide your answer within the tags, <Answer>A/B/C/D</Answer>.",D
23,"A man mounts a horse. What would have happened if the horse had mounted the man?	A: Nothing special would have happened.	B: The horse would have died.	C: That would have been an exceptionally painful experience for the man.		Provide your answer within the tags, <Answer>A/B/C</Answer>.",C
24,"A plant grows in a planter. What would have happened if the planter grows in the plant?	A: The plant would have suffered.	B: It would have grown quicker.	C: That is not possible.	D: The planter would have cultivated the plant.		Provide your answer within the tags, <Answer>A/B/C/D</Answer>.",C
25,"A woman swallows potassium cyanide. What would have happened if the woman had distributed potassium cyanide?	A: She would have survived.	B: She would have been vomiting.	C: She would have died.		Provide your answer within the tags, <Answer>A/B/C</Answer>.",A
26,"A woman swallows potassium cyanide. What would have happened if the woman had watched potassium cyanide?	A: That is not possible.	B: She would have died.	C: Nothing special would have happened.		Provide your answer within the tags, <Answer>A/B/C</Answer>.",C
27,"A student counts numbers. What would have happened if the student had drunk numbers?	A: That is not possible.	B: The student would have had a stomachache.	C: The student would have improved his or her counting skills.	D: It would have been tasty.		Provide your answer within the tags, <Answer>A/B/C/D</Answer>.",A
28,"A prince rescues a princess. What would have happened if the prince had beaten the princess?	A: The princess would have been happy.	B: That would have been a great fight.	C: That would have been a case of domestic abuse.	D: The king would have had a bad time at the coronation.		Provide your answer within the tags, <Answer>A/B/C/D</Answer>.",C
29,"An oil tanker sails across an ocean. What would have happened if the oil tanker had broken up in an ocean?	A: The oil tanker would have continued to carry oil.	B: There would have been environmental pollution.	C: The oil tanker would have been saved.	D: That is not possible.		Provide your answer within the tags, <Answer>A/B/C/D</Answer>.",B
30,"A bus unloads a family. What would have happened if the bus had run over the family?	A: The bus would have successfully unloaded the family.	B: The family would have been hurt.	C: Buses do not unload families.	D: The bus would have been faster than the family.		Provide your answer within the tags, <Answer>A/B/C/D</Answer>.",B
31,"A man reports a crime. What would have happened if the man had committed the crime?	A: He would have been innocent.	B: That is not possible.	C: That would have been highly unlikely.	D: The police would try to catch him.		Provide your answer within the tags, <Answer>A/B/C/D</Answer>.",D
32,"A man reports a crime. What would have happened if the man had cleared up the crime?	A: The room would have been clean by now.	B: He would have been the owner of the crime scene.	C: He would have been a detective.	D: That is not possible.		Provide your answer within the tags, <Answer>A/B/C/D</Answer>.",C
33,"A woman dates a man. What would have happened if the woman had cheated on the man?	A: That is not possible.	B: Their relationship would be put in jeopardy.	C: The man would have been very happy and marry her.	D: The man would be embarrassed having been caught cheating.		Provide your answer within the tags, <Answer>A/B/C/D</Answer>.",B
34,"A dog expects a child. What would have happened if the dog had bitten the child?	A: That is not possible.	B: The dog would have been punished.	C: The dog would have been praised.	D: The child would have been happy.		Provide your answer within the tags, <Answer>A/B/C/D</Answer>.",B
35,"A politician accepts an invitation. What would have happened if the politician had accepted a bribe?	A: They would have been congratulated.	B: In case someone finds out they would get in trouble and lose their office.	C: Politicians accept invitations all the time.	D: Politicians should accept invitations and bribes.		Provide your answer within the tags, <Answer>A/B/C/D</Answer>.",B
36,"A slaughterer slays a pig. What would have happened if the slaughterer had slain a child?	A: He or she would have been punished.	B: The child would have eaten the pig.	C: The pig would have slaughtered the child.	D: Everything would have been fine.		Provide your answer within the tags, <Answer>A/B/C/D</Answer>.",A
37,"An avalanche rolls down a hill. What would have happened if the avalanche had rolled up the hill?	A: It would have caused an earthquake.	B: It would have rolled quickly.	C: Avalanches don't roll uphill.		Provide your answer within the tags, <Answer>A/B/C</Answer>.",C
38,"A thief hides from the police. What would have happened if the thief had called the police?	A: That is not possible.	B: The police would have to clear a mission to find him or her.	C: The police would not have arrested the thief.	D: I'm not sure: thieves usually don't call the police.		Provide your answer within the tags, <Answer>A/B/C/D</Answer>.",D
39,"A boy strikes a match. What would have happened if the boy had ditched the match?	A: He would have been disqualified.	B: The lighting of the match would not have occurred.	C: I don't know.	D: The game would have ended tied.		Provide your answer within the tags, <Answer>A/B/C/D</Answer>.",B
40,"A car crashes into a tree. What would have happened if the car had parked beneath the tree?	A: Nothing special would have happened.	B: I think it would have crashed into the tree.	C: That is not possible.	D: The car would have been hit by the tree.		Provide your answer within the tags, <Answer>A/B/C/D</Answer>.",A
41,"A stone hits a window. What would have happened if the stone had flown by the window?	A: I would have been hit by a stone.	B: The window would have been shattered.	C: The window would have stayed intact.	D: That is not possible.		Provide your answer within the tags, <Answer>A/B/C/D</Answer>.",C
42,"A stone hits a window. What would have happened if the stone had talked to the window?	A: I think it would have spoken to me! I love talking to windows! It's my favorite thing to do!	B: It would have been an engaging and entertaining stone window conversation.	C: That is not possible.		Provide your answer within the tags, <Answer>A/B/C</Answer>.",C
43,"A student understands an idea. What would have happened if the student had not understood the idea?	A: The student would need additional studying.	B: The student would have been happy.	C: That is not possible.	D: The student would have increased the probability of performing better on the next test.		Provide your answer within the tags, <Answer>A/B/C/D</Answer>.",A
44,"A country loses a war. What would have happened if the country had won the war?	A: Most people of the winning country would have been happy.	B: The war would have continued.	C: That is not possible.	D: Most people of the winning country would have been sad.		Provide your answer within the tags, <Answer>A/B/C/D</Answer>.",A
45,"A woman arms a bomb. What would have happened if the woman had defused the bomb?	A: That is not possible.	B: An explosion would have occurred.	C: Most people would have been sad.	D: An explosion would have been prevented.		Provide your answer within the tags, <Answer>A/B/C/D</Answer>.",D
46,"A girl reveals a thing. What would have happened if the girl had concealed the thing?	A: The thing would have been revealed.	B: That is not possible.	C: Everything would have been fine.	D: The thing would not have been visible.		Provide your answer within the tags, <Answer>A/B/C/D</Answer>.",D
47,"A father meets a friend. What would have happened if he had lost the friend?	A: He would be happy.	B: They would laugh together.	C: He would be sad.	D: They would drink beers.		Provide your answer within the tags, <Answer>A/B/C/D</Answer>.",C
48,"A man loves his job. What would have happened if he had lost his job.	A: He would have continued working in his job.	B: He would get a pay raise.	C: He would be happy.	D: He would have been very upset.		Provide your answer within the tags, <Answer>A/B/C/D</Answer>.",D
49,"A team wins a game. What would have happened if the team had lost the game?	A: The team would have been sad.	B: The team would have been happy.	C: That is not possible.	D: Everything would have been fine.		Provide your answer within the tags, <Answer>A/B/C/D</Answer>.",A
50,"A train crashes into a mountain. What would have happened if the train had crashed into a feather?	A: That is not possible.	B: The train would have had a headache.	C: The train would have been fine.	D: The train would have been destroyed.		Provide your answer within the tags, <Answer>A/B/C/D</Answer>.",C
51,"A man swims in an ocean. What would have happened if the man had drowned in the ocean?	A: The man would have had a good time.	B: The man would have died.	C: Everything would have been fine.	D: That is not possible.		Provide your answer within the tags, <Answer>A/B/C/D</Answer>.",B
52,"A child draws a picture. What would have happened if the child had erased the picture?	A: That is not possible.	B: The picture would not have been visible.	C: The picture would have been visible.		Provide your answer within the tags, <Answer>A/B/C</Answer>.",B
53,"A boy strikes a match. What would have happened if the boy had broken the match?	A: He would have been disqualified.	B: The same thing would have happened.	C: That is not possible.	D: The match would have been rendered useless.		Provide your answer within the tags, <Answer>A/B/C/D</Answer>.",D
54,"A boy strikes a match. What would have happened if the boy had swallowed the match?	A: He would be injured or have a stomachache.	B: He would have been happy.	C: He would have struck the match anyway.		Provide your answer within the tags, <Answer>A/B/C</Answer>.",A
55,"A boy strikes a match. What would have happened if the boy had watered the match?	A: The match would be useless.	B: That is not possible.	C: The match would be dry.		Provide your answer within the tags, <Answer>A/B/C</Answer>.",A
56,"A bird flies over a bridge. What would have happened if the bird had hit the bridge?	A: The bird would have caused damage to the bridge.	B: That is not possible.	C: The bird would have been injured.		Provide your answer within the tags, <Answer>A/B/C</Answer>.",C
57,"A craftsman builds a house. What would have happened if the house had built a craftsman?	A: That is not possible.	B: The house would have been built faster.	C: The craftsman would have hands.	D: Everything would have been fine.		Provide your answer within the tags, <Answer>A/B/C/D</Answer>.",A
58,"A mother wraps a sandwich. What would have happened if the mother had eaten the sandwich?	A: She would have been less hungry.	B: The sandwich would have been eaten by someone else.	C: That is not possible.	D: She would have put the sandwich in her bag.		Provide your answer within the tags, <Answer>A/B/C/D</Answer>.",A
59,"A dog barks at a tree. What would have happened if the dog had run into the tree?	A: The tree would have been cut down.	B: The dog would not have been hurt.	C: The dog would have been hurt.	D: Everything would have been fine.		Provide your answer within the tags, <Answer>A/B/C/D</Answer>.",C
60,"A man greets a friend. What would have happened if the man had killed the friend?	A: The man would have talked to his friend.	B: The friend would have been dead.	C: The friend would have been alive.	D: That is not possible.		Provide your answer within the tags, <Answer>A/B/C/D</Answer>.",B
61,"A dog is chewing its bone. What would have happened if the dog had buried the bone?	A: That is not possible.	B: The dog would have eaten the bone.	C: Nothing would have happened.		Provide your answer within the tags, <Answer>A/B/C</Answer>.",C
62,"The bartender served the drinks. What would have happened if the bartender had drunk the drinks?	A: The guest would not have gotten their drinks.	B: That is not possible.	C: The guest would have gotten their drinks.		Provide your answer within the tags, <Answer>A/B/C</Answer>.",A
63,"A car speeds down a road. What would have happened if the car had slowed down on the road?	A: That is not possible.	B: The car would have been faster.	C: Nothing would have happened.		Provide your answer within the tags, <Answer>A/B/C</Answer>.",C
64,"The food was frying on the stove. What would have happened if the food had been burnt?	A: The food would have been rendered useless.	B: That is not possible.	C: The food would have been edible.		Provide your answer within the tags, <Answer>A/B/C</Answer>.",A
65,"A man was sleeping with his mouth wide open. What would have happened if a spider had come down above his mouth?	A: The spider would have bitten the man.	B: The man would have bitten the spider.	C: That is not possible.		Provide your answer within the tags, <Answer>A/B/C</Answer>.",B
66,"A man wins a competition. What would have happened if he had not competed?	A: He could have won.	B: He could not have won.	C: That is not possible.		Provide your answer within the tags, <Answer>A/B/C</Answer>.",B
67,"A swimmer competes in the Olympics. What would have happened if she had been afraid of water?	A: She would not have participated.	B: She would have participated.	C: That is not possible.		Provide your answer within the tags, <Answer>A/B/C</Answer>.",A
68,"A dog barked all night, keeping up the neighbors. What would have happened if the dog had not barked?	A: That is not possible.	B: The neighbors would have slept well.	C: The neighbors would have slept badly.		Provide your answer within the tags, <Answer>A/B/C</Answer>.",B
69,"A goat walks up a mountain. What would have happened if the goat had fallen down the mountain?	A: That is not possible.	B: It would have been well.	C: It would have gotten injured.		Provide your answer within the tags, <Answer>A/B/C</Answer>.",C
70,"Some laundry is left on the clothesline in the rain. What would have happened if the laundry had been brought inside from the clothesline before the rain?	A: The laundry could not get wet.	B: That is not possible.	C: The laundry could get wet.		Provide your answer within the tags, <Answer>A/B/C</Answer>.",A
71,"A girl returns her library book late. What would have happened if the girl had returned her library book on time?	A: She would get a free present.	B: She would have to pay a fee.	C: She would not have to pay a fee.		Provide your answer within the tags, <Answer>A/B/C</Answer>.",C
72,"A cat walks through a puddle. What would have happened if the cat had jumped over the puddle?	A: The cat would have gotten wet.	B: The cat would not have gotten wet.	C: That is not possible.		Provide your answer within the tags, <Answer>A/B/C</Answer>.",B
73,"A woman picks up a cup. What would have happened if the woman had dropped the cup?	A: That is not possible.	B: The cup would not have been broken.	C: The cup would have been broken.		Provide your answer within the tags, <Answer>A/B/C</Answer>.",C
74,"A man goes for a bike ride. What would have happened if the man had sold his bike?	A: He could not go for a ride.	B: He could go for a ride.	C: That is not possible.		Provide your answer within the tags, <Answer>A/B/C</Answer>.",A
75,"A woman cooks waffles for her breakfast. What would have happened if the woman had burned the waffles?	A: That is not possible.	B: She would get happy.	C: She would get sad.		Provide your answer within the tags, <Answer>A/B/C</Answer>.",C
76,"A child plays with her doll. What would have happened if the child had broken her doll?	A: It would get sad.	B: That is not possible.	C: It would get happy.		Provide your answer within the tags, <Answer>A/B/C</Answer>.",A
77,"A dog chases a ball. What would have happened if the dog had eaten the ball?	A: It would get no pain.	B: That is not possible.	C: It would get stomach pain.		Provide your answer within the tags, <Answer>A/B/C</Answer>.",C
78,"A company lays off all its employees. What would have happened if the company had given raises to all its employees?	A: All would get sadness.	B: That is not possible.	C: All would get joy.		Provide your answer within the tags, <Answer>A/B/C</Answer>.",C
79,"A child eats an apple. What would have happened if the child had eaten candy?	A: It would get sorrow.	B: It would get joy.	C: That is not possible.		Provide your answer within the tags, <Answer>A/B/C</Answer>.",B
80,"A doctor washes their hands at work. What would have happened if the doctor hadn't washed their hands?	A: That is not possible.	B: The patients could get an infection.	C: The patients could get better.		Provide your answer within the tags, <Answer>A/B/C</Answer>.",B
81,"A music fan bought tickets for a concert. What would have happened if the music fan had bought tickets for a soccer match?	A: That is not possible.	B: The music fan would get sad.	C: The music fan would get happy.		Provide your answer within the tags, <Answer>A/B/C</Answer>.",B
82,"A man was hit by a car. What would have happened if the man had looked both ways before crossing?	A: The man would have remained unharmed.	B: That is not possible.	C: The man would have been injured.		Provide your answer within the tags, <Answer>A/B/C</Answer>.",A
83,"A man went to go get his car fixed. What would have happened if the man hadn't got the car fixed?	A: That is not possible.	B: The car would be unusable.	C: The care would be usable.		Provide your answer within the tags, <Answer>A/B/C</Answer>.",B
84,"A child chokes on a hotdog. What would have happened if the child had eaten the hotdog?	A: The child would have had a harmful experience.	B: The child would have had an uninterrupted meal.	C: That is not possible.		Provide your answer within the tags, <Answer>A/B/C</Answer>.",B
85,"A soldier goes to war. What would have happened if the soldier had deserted from war?	A: He would not have to fight in war.	B: That is not possible.	C: He would have to fight in war.		Provide your answer within the tags, <Answer>A/B/C</Answer>.",A
86,"A man divorces his wife. What would have happened if the man had invested more in appreciating his wife?	A: The marriage would continue.	B: The marriage would be dissolved.	C: That is not possible.		Provide your answer within the tags, <Answer>A/B/C</Answer>.",A
87,"A girl mopped her floor. What would have happened if the girl had poured mud on her floor?	A: The floor would be dirty.	B: The floor would be clean.	C: That is not possible.		Provide your answer within the tags, <Answer>A/B/C</Answer>.",A
88,"A boy lits a cigarette with a lighter. What would have happened if the boy had thrown the lighter in the trash before lighting his cigarette?	A: That is not possible.	B: He could have lit the cigarette.	C: He could not have lit the cigarette.		Provide your answer within the tags, <Answer>A/B/C</Answer>.",C
89,"A horse jumped over a log. What would have happened if the horse had run into the log?	A: It would have hurt itself.	B: That is not possible.	C: It would have hurt someone else.		Provide your answer within the tags, <Answer>A/B/C</Answer>.",A
90,"An electrician cuts an inert wire. What would have happened if the electrician had cut a live wire?	A: The electrician would not get shocked.	B: That is not possible.	C: The electrician would get shocked.		Provide your answer within the tags, <Answer>A/B/C</Answer>.",C
91,"A man drives a car. What would have happened if a toddler had driven the car?	A: It would get injured.	B: It would not get injured.	C: That is not possible.		Provide your answer within the tags, <Answer>A/B/C</Answer>.",A
92,"A lightning bolt strikes a tree. What would have happened if a gust of wind had struck the tree?	A: That is not possible.	B: The tree would have broken down.	C: Nothing would have happened.		Provide your answer within the tags, <Answer>A/B/C</Answer>.",C
93,"The governor pardons a criminal. What would have happened if the criminal's cellmate had pardoned the criminal?	A: The criminal would not have been released.	B: The criminal would have been released.	C: That is not possible.		Provide your answer within the tags, <Answer>A/B/C</Answer>.",A
94,"A woman married her husband. What would have happened if the woman had said no when the man proposed?	A: They would not have gotten married.	B: They would have gotten married.	C: That is not possible.		Provide your answer within the tags, <Answer>A/B/C</Answer>.",A
95,"A mother burned dinner. What would have happened if a timer had been set for dinner?	A: The dinner would get burnt.	B: The dinner would not get burnt.	C: That is not possible.		Provide your answer within the tags, <Answer>A/B/C</Answer>.",B
96,"A dog chases a squirrel. What would have happened if the dog had eaten the squirrel?	A: That is not possible.	B: The squirrel would have died.	C: The squirrel would have lived.		Provide your answer within the tags, <Answer>A/B/C</Answer>.",B
97,"A woman plucks her eyebrows. What would have happened if the woman had plucked her teeth?	A: That is not possible.	B: She would not have had severe pain.	C: She would have had severe pain.		Provide your answer within the tags, <Answer>A/B/C</Answer>.",C
98,"A man hugs a tree. What would have happened if the man had punched the tree?	A: That is not possible.	B: He would have felt pain.	C: He would get relief.		Provide your answer within the tags, <Answer>A/B/C</Answer>.",B
99,"A boy picks a flower. What would have happened if the boy had sniffed the flower?	A: That is not possible.	B: The flower would have remained at its place.	C: The flower would have fallen.		Provide your answer within the tags, <Answer>A/B/C</Answer>.",B
100,"A person crushes an empty can. What would have happened if a person had crushed an unopened can?	A: It would not spill.	B: It would spill.	C: That is not possible.		Provide your answer within the tags, <Answer>A/B/C</Answer>.",B
101,"A cat catches a mouse. What would have happened if the mouse had caught the cat?	A: The mouse would have eaten the car.	B: That is not possible.	C: The mouse would not have eaten the car.		Provide your answer within the tags, <Answer>A/B/C</Answer>.",B
102,"A bear eats a fish. What would have happened if the fish had eaten a bear?	A: That is not possible.	B: The fish would not have eaten the bear.	C: The fish would have eaten the bear.		Provide your answer within the tags, <Answer>A/B/C</Answer>.",A
103,"The umbrella stops the rain. What would have happened if the umbrella had been used when there wasn't rain?	A: Nothing would have happened.	B: The umbrella would have stopped the rain.	C: The umbrella would not have stopped the rain.		Provide your answer within the tags, <Answer>A/B/C</Answer>.",A
104,"A dog jumps out of a bush. What would have happened if the dog had jumped out of a fast-moving car?	A: That is not possible.	B: The dog would have been injured.	C: The dog would have been safe.		Provide your answer within the tags, <Answer>A/B/C</Answer>.",B
105,"A man went scuba diving. What would have happened if the man had stayed on land?	A: The man would have gotten wet.	B: That is not possible.	C: The man would not have gotten wet.		Provide your answer within the tags, <Answer>A/B/C</Answer>.",C
106,"You accepted an MTurk HIT. What would have happened if you had rejected the MTurk HIT?	A: The turker would have been disappointed.	B: The turker would have been happy.	C: That is not possible.		Provide your answer within the tags, <Answer>A/B/C</Answer>.",A
107,"A newborn was crying. What would have happened if the newborns' mother had soothed the baby?	A: That is not possible.	B: It would have cried.	C: It would not have cried.		Provide your answer within the tags, <Answer>A/B/C</Answer>.",C
108,"A boy breaks his leg. What would have happened if the boy had broken his finger?	A: That is not possible.	B: The boy would not be able to walk.	C: The boy would be able to walk.		Provide your answer within the tags, <Answer>A/B/C</Answer>.",C
109,"A woman shovels snow from her driveway. What would have happened if she had shoved the snow from the road, too?	A: That is not possible.	B: The neighbors would have been angry at her.	C: The neighbors would have thanked her.		Provide your answer within the tags, <Answer>A/B/C</Answer>.",C
110,"A football player takes her position to play. What would have happened if the player had not gotten into her position?	A: The team would not have played well.	B: The team would have played well.	C: That is not possible.		Provide your answer within the tags, <Answer>A/B/C</Answer>.",A
111,"A child runs out of a burning house. What would have happened if the child had remained in the house?	A: The child would have died.	B: That is not possible.	C: The child would have survived.		Provide your answer within the tags, <Answer>A/B/C</Answer>.",A
112,"A woman gets pregnant. What would have happened if the woman had not gotten pregnant?	A: She would not have had children.	B: She would have had children.	C: That is not possible.		Provide your answer within the tags, <Answer>A/B/C</Answer>.",A
113,"A man paints a fence. What would have happened if the man had not painted the fence?	A: The fence would have stayed the way it was.	B: That is not possible.	C: The fence would have had a new color.		Provide your answer within the tags, <Answer>A/B/C</Answer>.",A
114,"A child runs out of a burning house. What would have happened if the child had remained in the house?	A: The child would have survived.	B: The child would have died.	C: That is not possible.		Provide your answer within the tags, <Answer>A/B/C</Answer>.",B
115,"A boy is born. What would have happened if the boy had not been born?	A: The boy would have existed.	B: That is not possible.	C: The boy would not have existed.		Provide your answer within the tags, <Answer>A/B/C</Answer>.",C
116,"A child reads a book. What would have happened if the child had not read the book?	A: The child would have been informed.	B: The child would have been ignorant.	C: That is not possible.		Provide your answer within the tags, <Answer>A/B/C</Answer>.",B
117,"A man cries. What would have happened if the man had laughed?	A: The man would have been happy.	B: The man would have been sad.	C: That is not possible.		Provide your answer within the tags, <Answer>A/B/C</Answer>.",A
118,"A man wakes up. What would have happened if the man had not woken up?	A: The man would have gotten out of bed.	B: The man would need additional sleeping.	C: That is not possible.		Provide your answer within the tags, <Answer>A/B/C</Answer>.",B
119,"A man sees a dog. What would have happened if the dog had seen the man?	A: The dog would have barked.	B: That is not possible.	C: The dog would not have barked.		Provide your answer within the tags, <Answer>A/B/C</Answer>.",A
120,"A woman kicks a ball. What would have happened if the woman had kicked a man?	A: That is not possible.	B: The ball would have been hurt.	C: The man would have been hurt.		Provide your answer within the tags, <Answer>A/B/C</Answer>.",C
121,"A man opens a door. What would have happened if a man opens a moon?	A: That is not possible.	B: The moon would have been opened.	C: The door would have been opened.		Provide your answer within the tags, <Answer>A/B/C</Answer>.",A
122,"A farmer plants a field. What would have happened if the farmer had not planted the field?	A: That is not possible.	B: The field would remain empty.	C: The crop would have grown.		Provide your answer within the tags, <Answer>A/B/C</Answer>.",B
123,"A skier runs down a hill. What would have happened if the skier had not worn skis?	A: The skier would have fallen.	B: The skier would have been faster.	C: That is not possible.		Provide your answer within the tags, <Answer>A/B/C</Answer>.",A
124,"A man drives a car. What would have happened if the man had not worn a seatbelt?	A: The man would have been in danger.	B: Nothing special would have happened.	C: That is not possible.		Provide your answer within the tags, <Answer>A/B/C</Answer>.",A
125,"A cat catches a mouse. What would have happened if the cat had not caught the mouse?	A: That is not possible.	B: The mouse would have lived.	C: The mouse would have been dead.		Provide your answer within the tags, <Answer>A/B/C</Answer>.",B
126,"A man writes a letter. What would have happened if the man had not sent the letter?	A: Nothing special would have happened.	B: The letter would not have been written.	C: The letter would not have reached its recipient.		Provide your answer within the tags, <Answer>A/B/C</Answer>.",C
127,"A woman promises to meet a friend. What would have happened if the woman would not have met her friend?	A: Her friend would be disappointed.	B: That is not possible.	C: Her friend would be happy.		Provide your answer within the tags, <Answer>A/B/C</Answer>.",A
128,"A student does not study for an exam. What would have happened if the student would have studied for the exam?	A: That is not possible.	B: He would have failed the class.	C: He would have passed the class.		Provide your answer within the tags, <Answer>A/B/C</Answer>.",C
129,"A man reads a book. What would have happened if the man had not read the book?	A: That is not possible.	B: The man would not have been ignorant.	C: The man would have been less informed.		Provide your answer within the tags, <Answer>A/B/C</Answer>.",C
130,"A man sleeps. What would have happened if the man had not slept?	A: He would have been fresh.	B: He would have been tired.	C: That is not possible.		Provide your answer within the tags, <Answer>A/B/C</Answer>.",B
131,"A newspaper boy throws a newspaper. What would have happened if the newspaper boy had thrown a pie instead?	A: The subscriber would have been angry.	B: Nothing special would have happened.	C: The subscriber would have been cheerful.		Provide your answer within the tags, <Answer>A/B/C</Answer>.",A
132,"A car speeds down a highway. What would have happened if the car had crawled down the highway?	A: It would have hindered traffic.	B: Nothing special would have happened.	C: It would have been good for traffic.		Provide your answer within the tags, <Answer>A/B/C</Answer>.",A
133,"A woman drives a car. What would have happened if the woman had flown the car?	A: Nothing special would have happened.	B: The woman would have landed the car.	C: That is not possible.		Provide your answer within the tags, <Answer>A/B/C</Answer>.",C
134,"A boy swims in the ocean. What would have happened if the boy had run on the ocean?	A: That is not possible.	B: The boy would have been faster.	C: Nothing special would have happened.		Provide your answer within the tags, <Answer>A/B/C</Answer>.",A
135,"A man drinks a glass of wine. What would have happened if the man had drunk a glass of milk?	A: He would not have gotten drunk.	B: That is not possible.	C: He would have gotten awake.		Provide your answer within the tags, <Answer>A/B/C</Answer>.",A
136,"A woman wears a small hat. What would have happened if the woman had worn a large hat?	A: She would have had no hat.	B: That is not possible.	C: She would have stood out.		Provide your answer within the tags, <Answer>A/B/C</Answer>.",C
137,"A skydiver jumps from a plane. What would have happened if the skydiver had jumped from a car?	A: She would have hurt herself.	B: She would have been unharmed.	C: Nothing special would have happened.		Provide your answer within the tags, <Answer>A/B/C</Answer>.",A
138,"A dog sees a bone. What would have happened if a cat had seen the bone?	A: The cat would have eaten the bone.	B: That is not possible.	C: The cat would not be interested.		Provide your answer within the tags, <Answer>A/B/C</Answer>.",C
139,"A man buys a book. What would have happened if the man had sold the book?	A: He would have earned money.	B: He would have lost money.	C: That is not possible.		Provide your answer within the tags, <Answer>A/B/C</Answer>.",A
140,"A baseball player catches a ball. What would have happened if the player had dropped the ball?	A: The player would have made a mistake.	B: The player would have scored a point.	C: Nothing special would have happened.		Provide your answer within the tags, <Answer>A/B/C</Answer>.",A
141,"A man makes a bed. What would have happened if the man had not made the bed?	A: The bed would have remained untidy.	B: The bed would have looked nice.	C: That is not possible.		Provide your answer within the tags, <Answer>A/B/C</Answer>.",A
142,"A fire extinguisher puts out a fire. What would have happened if the fire extinguisher had not put out the fire?	A: Nothing special would have happened.	B: The fire would have grown.	C: The fire would have died down.		Provide your answer within the tags, <Answer>A/B/C</Answer>.",B
143,"An airplane flies over a car. What would have happened if the airplane had crashed into the car?	A: The car would have been damaged.	B: The car would have remained intact.	C: Nothing special would have happened.		Provide your answer within the tags, <Answer>A/B/C</Answer>.",A
144,"A truck hits a tree. What would have happened if the truck had missed the tree?	A: The truck would not have been damaged.	B: That is not possible.	C: The truck would have been damaged.		Provide your answer within the tags, <Answer>A/B/C</Answer>.",A
145,"A mother cooks a meal. What would have happened if the mother had not cooked the meal?	A: That is not possible.	B: The family would have been hungry.	C: The family would have been well fed.		Provide your answer within the tags, <Answer>A/B/C</Answer>.",B
146,"A man buys a house. What would have happened if he had bought an apartment?	A: That is not possible.	B: He would have renovated the house.	C: Nothing special would have happened.		Provide your answer within the tags, <Answer>A/B/C</Answer>.",C
147,"A man is in a room. What would have happened if the man had not been in the room?	A: Nothing special would have happened.	B: That is not possible.	C: The man would have remained in the room.		Provide your answer within the tags, <Answer>A/B/C</Answer>.",A
148,"A dog is in a house. What would have happened if the dog had not been in the house?	A: The dog would have been outside the house.	B: That is not possible.	C: The dog would have been inside the house.		Provide your answer within the tags, <Answer>A/B/C</Answer>.",A
149,"A train is in a station. What would have happened if the train had not been in the station?	A: The train would have been on its way.	B: The train would have been at the platform.	C: That is not possible.		Provide your answer within the tags, <Answer>A/B/C</Answer>.",A
150,"A student is in a school. What would have happened if the student had not been in the school?	A: The student would have received a reprimand.	B: That is not possible.	C: The student would have received praise.		Provide your answer within the tags, <Answer>A/B/C</Answer>.",A
151,"A team loses a game. What would have happened if the team had won the game?	A: The team would have been happier.	B: The team would have been sad.	C: Nothing special would have happened.		Provide your answer within the tags, <Answer>A/B/C</Answer>.",A
152,"A student receives a grade of A. What would have happened if the student had received a grade of D?	A: That is not possible.	B: The student would be less sad.	C: The student would be less happy.		Provide your answer within the tags, <Answer>A/B/C</Answer>.",C
153,"A man paints a picture. What would have happened if a dog had painted the picture?	A: The man would have been sad.	B: That is not possible.	C: The man would have been happy.		Provide your answer within the tags, <Answer>A/B/C</Answer>.",B
154,"A man buys a hat. What would have happened if the man had sold the hat?	A: He would have gained money.	B: He would have lost money.	C: That is not possible.		Provide your answer within the tags, <Answer>A/B/C</Answer>.",A
155,"A man eats a sandwich. What would have happened if the man had eaten a car?	A: He would have been less hungry.	B: He would have been more hungry.	C: That is not possible.		Provide your answer within the tags, <Answer>A/B/C</Answer>.",C
156,"A man walks on a street. What would have happened if a man had walked on a bed?	A: He would have arrived on time.	B: Nothing special would have happened.	C: He would have been late.		Provide your answer within the tags, <Answer>A/B/C</Answer>.",B
157,"A man watches a video. What would have happened if a video had watched a man?	A: The video would have been happy.	B: That is not possible.	C: Nothing special would have happened.		Provide your answer within the tags, <Answer>A/B/C</Answer>.",B
158,"A woman loses the keys of a man. What would have happened if the woman had found the keys?	A: That is not possible.	B: The woman does not get thanked by the man.	C: The woman gets thanked by the man.		Provide your answer within the tags, <Answer>A/B/C</Answer>.",C
159,"A woman finds the keys of a man. What would have happened if the woman had lost the keys?	A: The man would not have been angry with the woman.	B: The man would have been angry with the woman.	C: Nothing special would have happened.		Provide your answer within the tags, <Answer>A/B/C</Answer>.",B
160,"A woman loses the phone of a man. What would have happened if the woman had found the phone?	A: That is not possible.	B: The man would be sad.	C: The man would be happy.		Provide your answer within the tags, <Answer>A/B/C</Answer>.",C
161,"A woman finds the phone of a man. What would have happened if the woman had lost the phone?	A: The man would have thanked the woman.	B: The man would have become enraged at the woman.	C: That is not possible.		Provide your answer within the tags, <Answer>A/B/C</Answer>.",B
162,"A person loves a product. What would have happened if the person had hated the product?	A: That is not possible.	B: The person would not have bought the product.	C: The person would have bought the product.		Provide your answer within the tags, <Answer>A/B/C</Answer>.",B
163,"A person hates a product. What would have happened if the person had loved the product?	A: The person would have purchased the product.	B: The person would not have bought the product.	C: Nothing special would have happened.		Provide your answer within the tags, <Answer>A/B/C</Answer>.",A
164,"A woman is accepted into college. What would have happened if the woman had gotten rejected from college?	A: That is not possible.	B: The woman would be sad.	C: The woman would be happy.		Provide your answer within the tags, <Answer>A/B/C</Answer>.",B
165,"A girl works on her homework. What would have happened if the girl had completed her homework?	A: The girl would have continued to work.	B: That is not possible.	C: The girl would have sighed of relief.		Provide your answer within the tags, <Answer>A/B/C</Answer>.",C
166,"A fish swims into a waterfall. What would have happened if a human had swum into the waterfall?	A: The human would not be in danger.	B: That is not possible.	C: The human would be in danger.		Provide your answer within the tags, <Answer>A/B/C</Answer>.",C
167,"A professional dancer performs on a stage. What would have happened if a layperson had performed on the stage?	A: It would have looked clumsy.	B: That is not possible.	C: It would have looked skilled.		Provide your answer within the tags, <Answer>A/B/C</Answer>.",A
168,"A man destroys a historical artifact. What would have happened if the man had studied the artifact.	A: That is not possible.	B: Knowledge of the artifact would have been made available.	C: Deeper knowledge of the artifact would have been last.		Provide your answer within the tags, <Answer>A/B/C</Answer>.",B
169,"A woman places an order via mail. What would have happened if the woman had placed the order via phone.	A: The order would have been processed slower.	B: That is not possible.	C: The order would have been processed faster.		Provide your answer within the tags, <Answer>A/B/C</Answer>.",C
170,"A worker cleans the floor. What would have happened if the worker had not completed the clean-up?	A: The floor would be clean.	B: The floor would still be dirty.	C: That is not possible.		Provide your answer within the tags, <Answer>A/B/C</Answer>.",B
171,"A worker exits a building through a door. What would have happened if the worker had exited the building through a closed window?	A: That is not possible.	B: The worker would have gotten hurt.	C: The worker would not have been injured.		Provide your answer within the tags, <Answer>A/B/C</Answer>.",B
172,"A woman shakes hands with her neighbor for a greeting. What would have happened if the woman had kissed her neighbor on her cheek for a greeting?	A: That is not possible.	B: The neighbor would not have greeted the neighbor.	C: Nothing special would have happened.		Provide your answer within the tags, <Answer>A/B/C</Answer>.",C
173,"A building is mirrored in a still lake? What would have happened if there were large waves on the lake.	A: The mirror image would be visible.	B: That is not possible.	C: The mirror image would not be visible.		Provide your answer within the tags, <Answer>A/B/C</Answer>.",C
174,"A child looks into the mouth of a plush crocodile. What would have happened if the child would have looked into the mouth of a real crocodile?	A: Everything would have been fine.	B: That is not possible.	C: The child would have been bitten.		Provide your answer within the tags, <Answer>A/B/C</Answer>.",C
175,"A salesman sells his wares to a customer. What would have happened if the salesman had not called?	A: The customer would have bought the wares.	B: The customer would not have bought the wares.	C: That is not possible.		Provide your answer within the tags, <Answer>A/B/C</Answer>.",B
176,"An unemployed man gets a job. What would have happened if the man had not gotten a job?	A: That is not possible.	B: He would not still be unemployed.	C: He would be unemployed.		Provide your answer within the tags, <Answer>A/B/C</Answer>.",C
177,"A man is standing at the top of a cliff. What would have happened if the man had fallen from the cliff?	A: He would have died.	B: That is not possible.	C: He would have lived.		Provide your answer within the tags, <Answer>A/B/C</Answer>.",A
178,"A man drives a car. What would have happened if the man had ridden on the car?	A: The car would not have moved.	B: The car would have moved.	C: That is not possible.		Provide your answer within the tags, <Answer>A/B/C</Answer>.",A
179,"A man lives in a city. What would have happened if he had moved to a village?	A: That is not possible.	B: He would have lost the conveniences of the city.	C: He would have had the advantages of a city.		Provide your answer within the tags, <Answer>A/B/C</Answer>.",B
180,"A man buys a car. What would have happened if the man had adopted a child?	A: He would have had a great time driving the car.	B: He would have taken on new responsibilities.	C: Nothing much.		Provide your answer within the tags, <Answer>A/B/C</Answer>.",B
181,"A man goes for a bike ride. What would have happened if a man had sold his bike?	A: That is not possible.	B: He would have enjoyed the ride.	C: He could not go for a ride.		Provide your answer within the tags, <Answer>A/B/C</Answer>.",C
182,"A novice driver drives an automatic transmission car. What would have happened if the car had been built with a manual gear box?	A: It would have been more difficult to drive.	B: It would have been easier to drive.	C: That is not possible.		Provide your answer within the tags, <Answer>A/B/C</Answer>.",A
183,"A woman trips in a marathon. What would have happened if the woman had not tripped in the marathon?	A: That is not possible.	B: She would not have finished as fast.	C: She would have finished sooner.		Provide your answer within the tags, <Answer>A/B/C</Answer>.",C
184,"A man fell from a plane. What would have happened if a parachute had been available?	A: He would have landed safely.	B: He would have died.	C: That is not possible.		Provide your answer within the tags, <Answer>A/B/C</Answer>.",A
185,"A man helped his neighbor. What would have happened if the man had not helped his neighbor?	A: His neighbor would have been in trouble.	B: His neighbor would thank him.	C: That is not possible.		Provide your answer within the tags, <Answer>A/B/C</Answer>.",A
186,"A girl has a broken leg. What would have happened if the girl had been born with a broken leg?	A: It would have been a medical emergency.	B: Everything would have been fine.	C: That is not possible.		Provide your answer within the tags, <Answer>A/B/C</Answer>.",A
187,"A person plays a piano. What would have happened if a piano had played a person?	A: That is not possible.	B: Everything would have been fine.	C: The person would have been a piano player.		Provide your answer within the tags, <Answer>A/B/C</Answer>.",A
188,"A father buys his son some candy. What would have happened if the father had bought some carrots?	A: The boy would have enjoyed the candy.	B: The boy would have had a healthy snack.	C: That is not possible.		Provide your answer within the tags, <Answer>A/B/C</Answer>.",B
189,"An investment manager funds several start-ups. What would have happened if the investment manager had put money into buying cars?	A: That is not possible.	B: The startups would have had more money.	C: The startups would have had no financial resources.		Provide your answer within the tags, <Answer>A/B/C</Answer>.",C
190,"A farmer does not plant a field. What would have happened if the farmer had planted the field?	A: The crop would have grown.	B: The field would remain empty.	C: That is not possible.		Provide your answer within the tags, <Answer>A/B/C</Answer>.",A
191,"A man does not paint a fence. What would have happened if the man had painted the fence?	A: The fence would have had a new color.	B: The fence would have stayed the way it was.	C: That is not possible.		Provide your answer within the tags, <Answer>A/B/C</Answer>.",A
192,"A child remains inside a burning house. What would have happened if the child had run out of the house?	A: That is not possible.	B: The child would have survived.	C: The child would have died.		Provide your answer within the tags, <Answer>A/B/C</Answer>.",B
193,"A woman does not cut the tree down. What would have happened if the woman had cut the tree down?	A: She would have chopped firewood.	B: That is not possible.	C: She would not have chopped firewood.		Provide your answer within the tags, <Answer>A/B/C</Answer>.",A
194,"A woman does not dance the night away. What would have happened if the woman had danced the night away?	A: She would have gotten sore legs.	B: She would not have gotten sore legs.	C: That is not possible.		Provide your answer within the tags, <Answer>A/B/C</Answer>.",A
195,"A woman does not take the ferry. What would have happened if the woman had taken the ferry?	A: She would have gotten on a boat.	B: She would not have gotten on a boat.	C: That is not possible.		Provide your answer within the tags, <Answer>A/B/C</Answer>.",A
196,"A woman does not take the money. What would have happened if the woman had taken the money?	A: That is not possible.	B: She would have had more money.	C: She would not have had more money.		Provide your answer within the tags, <Answer>A/B/C</Answer>.",B
197,"A woman does not take time off. What would have happened if the woman had taken time off?	A: That is not possible.	B: She would not have rested.	C: She would have rested.		Provide your answer within the tags, <Answer>A/B/C</Answer>.",C
198,"A woman does not text while driving. What would have happened if the woman had texted while driving?	A: She would not have gotten pulled over by the cops.	B: She would have gotten pulled over by the cops.	C: That is not possible.		Provide your answer within the tags, <Answer>A/B/C</Answer>.",B
199,"A woman does not travel to France. What would have happened if the woman had traveled to France?	A: She would not have gotten to know France.	B: She would have gotten to know France.	C: That is not possible.		Provide your answer within the tags, <Answer>A/B/C</Answer>.",B
200,"A woman does not work well. What would have happened if the woman had worked well?	A: She would have gotten paid.	B: That is not possible.	C: She would not have gotten paid.		Provide your answer within the tags, <Answer>A/B/C</Answer>.",A
201,"A woman does not write an article. What would have happened if the woman had written an article?	A: She would not have gotten it published.	B: She would have gotten it published.	C: That is not possible.		Provide your answer within the tags, <Answer>A/B/C</Answer>.",B
202,"A woman does not take a picture. What would have happened if the woman had taken a picture?	A: The woman would have posted it to social media.	B: That is not possible.	C: The woman would not have posted it to social media.		Provide your answer within the tags, <Answer>A/B/C</Answer>.",A
203,"A man does not attend school. What would have happened if he had attended school?	A: The man would not have learned something.	B: That is not possible.	C: The man would have learned something.		Provide your answer within the tags, <Answer>A/B/C</Answer>.",C
204,"A man does not become frustrated. What would have happened if he had become frustrated?	A: The man would not have felt irritable.	B: That is not possible.	C: The man would have felt irritable.		Provide your answer within the tags, <Answer>A/B/C</Answer>.",C
205,"A man does not become tired. What would have happened if he had become tired?	A: The man would not have gone to sleep.	B: The man would have gone to sleep.	C: That is not possible.		Provide your answer within the tags, <Answer>A/B/C</Answer>.",B
206,"A man does not build his new house. What would have happened if he had built his new house?	A: That is not possible.	B: The man would have had a new house.	C: The man would not have had a new house.		Provide your answer within the tags, <Answer>A/B/C</Answer>.",B
207,"A man does not cut a woman's arm. What would have happened if he had cut her arm?	A: The woman would have become angry.	B: That is not possible.	C: The woman would have become happy.		Provide your answer within the tags, <Answer>A/B/C</Answer>.",A
208,"A man does not commit a crime. What would have happened if he had committed a crime?	A: The man would have gotten charged.	B: The man would not have gotten charged.	C: That is not possible.		Provide your answer within the tags, <Answer>A/B/C</Answer>.",A
209,"A man does not buy souvenirs. What would have happened if he had bought souvenirs?	A: The man would not have made his loved ones happy.	B: The man would have made his loved ones happy.	C: That is not possible.		Provide your answer within the tags, <Answer>A/B/C</Answer>.",B
210,"A man does not buy a bike. What would have happened if he had bought a bike?	A: The man would have gotten in shape.	B: The man would not have gotten in shape.	C: That is not possible.		Provide your answer within the tags, <Answer>A/B/C</Answer>.",A
211,"A man does not buy a woman's first car. What would have happened if he had bought her first car?	A: The woman would not have felt excited.	B: That is not possible.	C: The woman would have felt excited.		Provide your answer within the tags, <Answer>A/B/C</Answer>.",C
212,"A woman does not come on time. What would have happened if she had come on time?	A: The woman would have been unpunctual.	B: The woman would have been punctual.	C: That is not possible.		Provide your answer within the tags, <Answer>A/B/C</Answer>.",B
213,"A woman does not run away. What would have happened if she had run away?	A: The woman would have become breathless.	B: That is not possible.	C: The woman would not have become breathless.		Provide your answer within the tags, <Answer>A/B/C</Answer>.",A
214,"A woman does not dig up dirt. What would have happened if she had dug up dirt?	A: The woman would not have gotten her hands dirty.	B: The woman would have gotten her hands dirty.	C: That is not possible.		Provide your answer within the tags, <Answer>A/B/C</Answer>.",B
215,"A woman does not download a new browser. What would have happened if she had downloaded a new browser?	A: The woman would have gotten a new experience.	B: The woman would not have gotten a new experience.	C: That is not possible.		Provide your answer within the tags, <Answer>A/B/C</Answer>.",A
216,"A man does not drop a woman's laptop. What would have happened if he had dropped her laptop?	A: The woman would have become sad.	B: That is not possible.	C: The woman would have become happy.		Provide your answer within the tags, <Answer>A/B/C</Answer>.",A
217,"A man does not eat a burger. What would have happened if he had eaten a burger?	A: The man would have been less hungry.	B: The man would have been more hungry.	C: That is not possible.		Provide your answer within the tags, <Answer>A/B/C</Answer>.",A
218,"A man does not feel very embarrassed. What would have happened if he had felt very embarrassed?	A: That is not possible.	B: The man would not have blushed.	C: The man would have blushed.		Provide your answer within the tags, <Answer>A/B/C</Answer>.",C
219,"A man gets many compliments. What would have happened if he had not gotten many compliments?	A: The man would have felt comfortable.	B: The man would have felt uncomfortable.	C: That is not possible.		Provide your answer within the tags, <Answer>A/B/C</Answer>.",B
220,"A man gets caught. What would have happened if he had not gotten caught?	A: The man would not have been accused.	B: The man would have been accused.	C: That is not possible.		Provide your answer within the tags, <Answer>A/B/C</Answer>.",A
221,"A man does not get an A on the test. What would have happened if he had gotten an A on the test?	A: The man would have shown his talent.	B: That is not possible.	C: The man would not have shown his talent.		Provide your answer within the tags, <Answer>A/B/C</Answer>.",A
222,"A man does not get a real job. What would have happened if he had gotten a real job?	A: That is not possible.	B: The man would have had to get up and go on time.	C: The man would not have had to get up and go on time.		Provide your answer within the tags, <Answer>A/B/C</Answer>.",B
223,"A man does not get a massage. What would have happened if he had gotten a massage?	A: The man would not have managed his body.	B: The man would have managed his body.	C: That is not possible.		Provide your answer within the tags, <Answer>A/B/C</Answer>.",B
224,"A man does not get a good night's sleep. What would have happened if he had gotten a good night's sleep?	A: The man would have felt tired in the morning.	B: The man would have had better health in the morning.	C: That is not possible.		Provide your answer within the tags, <Answer>A/B/C</Answer>.",B
225,"A man does not get a call for an interview. What would have happened if he had gotten a call for an interview?	A: That is not possible.	B: The man would not have started preparing.	C: The man would have started preparing.		Provide your answer within the tags, <Answer>A/B/C</Answer>.",C
226,"A man does not get very nervous. What would have happened if he had gotten very nervous?	A: The man would have passed out.	B: That is not possible.	C: The man would not have passed out.		Provide your answer within the tags, <Answer>A/B/C</Answer>.",A
227,"A man does not give a good appearance. What would have happened if he had given a good appearance?	A: The man would not have been admired.	B: The man would have been admired.	C: That is not possible.		Provide your answer within the tags, <Answer>A/B/C</Answer>.",B
228,"A man does not give a woman trouble. What would have happened if he had given her trouble?	A: The man would not have caused a problem.	B: That is not possible.	C: The man would have caused a problem.		Provide your answer within the tags, <Answer>A/B/C</Answer>.",C
229,"A man does not hear a sound. What would have happened if he had heard a sound?	A: The man would have followed the flow.	B: The man would not have followed the flow.	C: That is not possible.		Provide your answer within the tags, <Answer>A/B/C</Answer>.",A
230,"A man does not head back to the hotel. What would have happened if he had headed back to the hotel?	A: The man would have taken a rest.	B: The man would not have taken a rest.	C: That is not possible.		Provide your answer within the tags, <Answer>A/B/C</Answer>.",A
231,"A man does not call a tow truck. What would have happened if he had called a tow truck?	A: He would have gotten his car to a mechanic.	B: He would not have gotten his car to a mechanic.	C: That is not possible.		Provide your answer within the tags, <Answer>A/B/C</Answer>.",A
232,"A man loses ten pounds. What would have happened if he had not lost ten pounds?	A: The man would not have fit in his old clothes.	B: The man would have fit in his old clothes.	C: That is not possible.		Provide your answer within the tags, <Answer>A/B/C</Answer>.",B
233,"A man does not help his team. What would happen if he had helped his team?	A: The man would not have been appreciated.	B: The man would have been appreciated.	C: That is not possible.		Provide your answer within the tags, <Answer>A/B/C</Answer>.",B
234,"A man does not throw a ball with his hand. What would happen if he had thrown the ball with his hand?	A: His hand would not have rotated.	B: That is not possible.	C: His hand would have rotated.		Provide your answer within the tags, <Answer>A/B/C</Answer>.",C
235,"A man does not hit something. What would have happened if he had hit something?	A: That is not possible.	B: The man would have continued driving.	C: The man would have stopped driving.		Provide your answer within the tags, <Answer>A/B/C</Answer>.",C
236,"A man does not hurt his girlfriend's knee. What would have happened if he had hurt her knee?	A: The man would not have gotten in trouble.	B: That is not possible.	C: The man would have gotten in trouble.		Provide your answer within the tags, <Answer>A/B/C</Answer>.",C
237,"A woman does not immediately start. What would have happened if she had immediately started?	A: That is not possible.	B: The woman would not have gone fast.	C: The woman would have gone fast.		Provide your answer within the tags, <Answer>A/B/C</Answer>.",C
238,"A woman does not increase his own capacity. What would have happened if she had increased his own capacity?	A: The woman would have felt accomplished.	B: The woman would not have felt accomplished.	C: That is not possible.		Provide your answer within the tags, <Answer>A/B/C</Answer>.",A
239,"A woman is not allergic to bees. What would have happened if she was allergic to bees?	A: That is not possible.	B: The woman would care about bees nor take safety precautions.	C: The woman would be aware of bees and would take the appropriate safety precautions.		Provide your answer within the tags, <Answer>A/B/C</Answer>.",C
240,"A woman does not feel lonely. What would have happened if she had felt lonely?	A: The woman would have become sad.	B: That is not possible.	C: The woman would have become happy.		Provide your answer within the tags, <Answer>A/B/C</Answer>.",A
241,"A woman is loud and annoying. What would have happened if she had been quieter?	A: Being around her would have been pleasant.	B: That is not possible.	C: Being around her would have been unpleasant.		Provide your answer within the tags, <Answer>A/B/C</Answer>.",A
242,"A woman is not moving to a new town. What would have happened if she had moved to a new town?	A: That is not possible.	B: The woman would not have needed a new place to stay.	C: The woman would have needed a new place to stay.		Provide your answer within the tags, <Answer>A/B/C</Answer>.",C
243,"A woman does not play football with his friends. What would have happened if she had played football with his friends?	A: The woman would not have felt so happy after playing football with her friends.	B: The woman would have felt so happy after playing football with her friends.	C: That is not possible.		Provide your answer within the tags, <Answer>A/B/C</Answer>.",B
244,"A man does not flirt with a woman. What would have happened if he had flirted with her?	A: That is not possible.	B: The man would not have asked the woman on a date.	C: The man would have asked the woman on a date.		Provide your answer within the tags, <Answer>A/B/C</Answer>.",C
245,"A woman is not soaking wet. What would have happened if she had been soaking wet?	A: The woman would have been cold.	B: That is not possible.	C: The woman would not have been cold.		Provide your answer within the tags, <Answer>A/B/C</Answer>.",A
246,"A woman does not walk to work. What would have happened if she had walked to work?	A: That is not possible.	B: The woman would not have got exercise.	C: The woman would have got exercise.		Provide your answer within the tags, <Answer>A/B/C</Answer>.",C
247,"A woman does not join a book club. What would have happened if she had joined a book club?	A: The woman would have read new books.	B: That is not possible.	C: The woman would not have read new books.		Provide your answer within the tags, <Answer>A/B/C</Answer>.",A
248,"A woman does not learn karate. What would have happened if she had learned karate?	A: That is not possible.	B: The woman would have become a better fighter.	C: The woman would not have become a better fighter.		Provide your answer within the tags, <Answer>A/B/C</Answer>.",B
249,"A woman does not leave for work. What would have happened if she had left for work?	A: The woman would have made money.	B: That is not possible.	C: The woman would have lost money.		Provide your answer within the tags, <Answer>A/B/C</Answer>.",A
250,"A man lets his friends eat his food. What would have happened if he had not let his friends eat his food?	A: The friendship of the man and his friends would have deteriorated.	B: That is not possible.	C: The friendship of the man and his friends would have improved.		Provide your answer within the tags, <Answer>A/B/C</Answer>.",A
251,"A woman likes cats. What would have happened if she had not liked cats?	A: The woman would have gotten a cat.	B: The woman would have gotten a pony.	C: The woman would have gotten a dog.		Provide your answer within the tags, <Answer>A/B/C</Answer>.",C
252,"A woman does not like a particular idea. What would have happened if she had become interested in that idea?	A: The woman would not have become enthusiastic.	B: That is not possible.	C: The woman would have become enthusiastic.		Provide your answer within the tags, <Answer>A/B/C</Answer>.",C
253,"A woman does not make a full recovery. What would have happened if she had made a full recovery?	A: That is not possible.	B: The woman would have regained her strengths.	C: The woman would not have regained her strengths.		Provide your answer within the tags, <Answer>A/B/C</Answer>.",B
254,"A woman does not make a lot of money. What would have happened if she had made a lot of money?	A: That is not possible.	B: She would have become rich.	C: She would have become poor.		Provide your answer within the tags, <Answer>A/B/C</Answer>.",B
255,"A woman does not make matters worse. What would have happened if she did?	A: A crisis would have developed.	B: A crisis would have been prevented.	C: That is not possible.		Provide your answer within the tags, <Answer>A/B/C</Answer>.",A
256,"A woman does not make arrangements for her friends. What would have happened if she had made arrangements for her friends?	A: That is not possible.	B: The woman would have helped her friends.	C: The woman would not have helped her friends.		Provide your answer within the tags, <Answer>A/B/C</Answer>.",B
257,"A woman makes some friends. What would have happened if she had made more friends?	A: That is not possible.	B: The woman would not have been happier.	C: The woman would have been happier.		Provide your answer within the tags, <Answer>A/B/C</Answer>.",C
258,"A woman does not meet some friends. What would have happened if she had met some friends?	A: The woman would have had to have a conversation.	B: The woman would not have had to have a conversation.	C: That is not possible.		Provide your answer within the tags, <Answer>A/B/C</Answer>.",A
259,"A woman does not miss the red light. What would have happened if she had missed the red light?	A: That is not possible.	B: She would have done something illegal.	C: She would have done something legal.		Provide your answer within the tags, <Answer>A/B/C</Answer>.",B
260,"A woman does not move back in with his parents. What would have happened if she had moved back in with her parents?	A: The parents would not have been forced to make room.	B: That is not possible.	C: The parents would have been forced to make room.		Provide your answer within the tags, <Answer>A/B/C</Answer>.",C
261,"A woman does not move the furniture. What would have happened if she had moved the furniture?	A: The woman would not have had a changed interior design.	B: That is not possible.	C: The woman would have had a changed interior design.		Provide your answer within the tags, <Answer>A/B/C</Answer>.",C
262,"A woman does not know the amount of the bill. What would have happened if she had known the amount of the bill?	A: She would not have gotten an idea about how much to pay.	B: That is not possible.	C: She would have gotten an idea about how much to pay.		Provide your answer within the tags, <Answer>A/B/C</Answer>.",C
263,"A woman does not need a new computer. What would have happened if she had needed a new computer?	A: The woman would not have been able to accomplish her tasks faster.	B: That is not possible.	C: The woman would not have been able to accomplish her tasks as fast.		Provide your answer within the tags, <Answer>A/B/C</Answer>.",C
264,"A woman does not need to lose weight. What would have happened if she had needed to lose some weight?	A: The woman would not have gotten exercise.	B: The woman would have gotten exercise.	C: That is not possible.		Provide your answer within the tags, <Answer>A/B/C</Answer>.",B
265,"A woman does not order Chinese food. What would have happened if she had ordered Chinese food?	A: The woman would have become very hungry.	B: That is not possible.	C: The woman would have become less hungry.		Provide your answer within the tags, <Answer>A/B/C</Answer>.",C
266,"A woman does not notice a man. What would have happened if she had noticed a man?	A: The woman would not have waved at him.	B: The woman would have waved at him.	C: That is not possible.		Provide your answer within the tags, <Answer>A/B/C</Answer>.",B
267,"A woman does not run 5 miles. What would have happened if she had run 5 miles?	A: That is not possible.	B: The woman would have gotten exercise.	C: The woman would not have gotten exercise.		Provide your answer within the tags, <Answer>A/B/C</Answer>.",B
268,"A girl does not play basketball with her friends after school. What would have happened if she had played basketball with her friends after school?	A: That is not possible.	B: The girl would not have gotten sweaty.	C: The girl would have gotten sweaty.		Provide your answer within the tags, <Answer>A/B/C</Answer>.",C
269,"A woman does not play bass guitar. What would have happened if she had played bass guitar?	A: The woman would have made music.	B: That is not possible.	C: The woman would not have made music.		Provide your answer within the tags, <Answer>A/B/C</Answer>.",A
270,"A woman does not practice her moves. What would have happened if she had practiced her moves?	A: That is not possible.	B: The woman would have become more skilled.	C: The woman would not have become more skilled.		Provide your answer within the tags, <Answer>A/B/C</Answer>.",B
271,"A woman does not prepare for someone's reception. What would have happened if she had prepared it?	A: The woman would have put on make-up.	B: That is not possible.	C: The woman would not have put on make-up.		Provide your answer within the tags, <Answer>A/B/C</Answer>.",A
272,"A woman does not put pen to paper. What would have happened if she had put pen to paper?	A: That is not possible.	B: The woman would have moved her right hand.	C: The woman would not have moved her right hand.		Provide your answer within the tags, <Answer>A/B/C</Answer>.",B
273,"A woman does not realize something. What would have happened if she had realized something?	A: The woman would not have gotten a new idea.	B: That is not possible.	C: The woman would have gotten a new idea.		Provide your answer within the tags, <Answer>A/B/C</Answer>.",C
274,"A woman does not retire from work. What would have happened if she had retired from work?	A: The woman would still have to work.	B: The woman would not have to work anymore.	C: That is not possible.		Provide your answer within the tags, <Answer>A/B/C</Answer>.",B
