index,cause,effect,Query,Answer,prompt,pair_id
8007,L L4 Radikulopati,R Höftkamsbesvär,"L L4 Radikulopati causes R Höftkamsbesvär.""R"" and ""L"" refer to the right and left sides of the body, respectively).Answer with true or false.",True,Which cause-and-effect relationship is more likely? Consider only direct causal mechanism and ignore any effect due to common causes.	A. Left L4 Radiculopathy causes Right Iliac Crest pain.	B. Right Iliac Crest pain causes Left L4 Radiculopathy	C. No causal relationship exists.		Let's work this out in a step by step way to be sure that we have the right answer. Then provide your final answer within the tags <Answer>A/B/C</Answer>.,pair0
6527,L T12 Radikulopati,L Nedre bukbesvär,"L T12 Radikulopati causes L Nedre bukbesvär.""R"" and ""L"" refer to the right and left sides of the body, respectively).Answer with true or false.",True,Which cause-and-effect relationship is more likely? Consider only direct causal mechanism and ignore any effect due to common causes.	A. Left T12 Radiculopathy causes Left Lower abdominal pain.	B. Left Lower abdominal pain causes Left T12 Radiculopathy	C. No causal relationship exists.		Let's work this out in a step by step way to be sure that we have the right answer. Then provide your final answer within the tags <Answer>A/B/C</Answer>.,pair1
7023,R L1 Radikulopati,L Ljumskbesvär,"R L1 Radikulopati causes L Ljumskbesvär.""R"" and ""L"" refer to the right and left sides of the body, respectively).Answer with true or false.",True,Which cause-and-effect relationship is more likely? Consider only direct causal mechanism and ignore any effect due to common causes.	A. Right L1 Radiculopathy causes Left Groin pain.	B. Left Groin pain causes Right L1 Radiculopathy	C. No causal relationship exists.		Let's work this out in a step by step way to be sure that we have the right answer. Then provide your final answer within the tags <Answer>A/B/C</Answer>.,pair2
1241,R C6 Radikulopati,L Laterala armsbesvär,"R C6 Radikulopati causes L Laterala armsbesvär.""R"" and ""L"" refer to the right and left sides of the body, respectively).Answer with true or false.",True,Which cause-and-effect relationship is more likely? Consider only direct causal mechanism and ignore any effect due to common causes.	A. Right C6 Radiculopathy causes Left Lateral arm pain.	B. Left Lateral arm pain causes Right C6 Radiculopathy	C. No causal relationship exists.		Let's work this out in a step by step way to be sure that we have the right answer. Then provide your final answer within the tags <Answer>A/B/C</Answer>.,pair3
1244,R C6 Radikulopati,R Armbågsbesvär,"R C6 Radikulopati causes R Armbågsbesvär.""R"" and ""L"" refer to the right and left sides of the body, respectively).Answer with true or false.",True,Which cause-and-effect relationship is more likely? Consider only direct causal mechanism and ignore any effect due to common causes.	A. Right C6 Radiculopathy causes Right Elbow pain.	B. Right Elbow pain causes Right C6 Radiculopathy	C. No causal relationship exists.		Let's work this out in a step by step way to be sure that we have the right answer. Then provide your final answer within the tags <Answer>A/B/C</Answer>.,pair4
6962,R L1 Radikulopati,IBS,"R L1 Radikulopati causes IBS.""R"" and ""L"" refer to the right and left sides of the body, respectively).Answer with true or false.",True,Which cause-and-effect relationship is more likely? Consider only direct causal mechanism and ignore any effect due to common causes.	A. Right L1 Radiculopathy causes IBS.	B. IBS causes Right L1 Radiculopathy	C. No causal relationship exists.		Let's work this out in a step by step way to be sure that we have the right answer. Then provide your final answer within the tags <Answer>A/B/C</Answer>.,pair5
628,L C5 Radikulopati,Nackbesvär,"L C5 Radikulopati causes Nackbesvär.""R"" and ""L"" refer to the right and left sides of the body, respectively).Answer with true or false.",True,Which cause-and-effect relationship is more likely? Consider only direct causal mechanism and ignore any effect due to common causes.	A. Left C5 Radiculopathy causes Neck pain.	B. Neck pain causes Left C5 Radiculopathy	C. No causal relationship exists.		Let's work this out in a step by step way to be sure that we have the right answer. Then provide your final answer within the tags <Answer>A/B/C</Answer>.,pair6
858,R C5 Radikulopati,R Laterala armbågsbesvär,"R C5 Radikulopati causes R Laterala armbågsbesvär.""R"" and ""L"" refer to the right and left sides of the body, respectively).Answer with true or false.",True,Which cause-and-effect relationship is more likely? Consider only direct causal mechanism and ignore any effect due to common causes.	A. Right C5 Radiculopathy causes Right Lateral Elbow pain.	B. Right Lateral Elbow pain causes Right C5 Radiculopathy	C. No causal relationship exists.		Let's work this out in a step by step way to be sure that we have the right answer. Then provide your final answer within the tags <Answer>A/B/C</Answer>.,pair7
1061,L C6 Radikulopati,R Handbesvär,"L C6 Radikulopati causes R Handbesvär.""R"" and ""L"" refer to the right and left sides of the body, respectively).Answer with true or false.",True,Which cause-and-effect relationship is more likely? Consider only direct causal mechanism and ignore any effect due to common causes.	A. Left C6 Radiculopathy causes Right Hand pain.	B. Right Hand pain causes Left C6 Radiculopathy	C. No causal relationship exists.		Let's work this out in a step by step way to be sure that we have the right answer. Then provide your final answer within the tags <Answer>A/B/C</Answer>.,pair8
8014,L L4 Radikulopati,L Laterala vadbesvär,"L L4 Radikulopati causes L Laterala vadbesvär.""R"" and ""L"" refer to the right and left sides of the body, respectively).Answer with true or false.",True,Which cause-and-effect relationship is more likely? Consider only direct causal mechanism and ignore any effect due to common causes.	A. Left L4 Radiculopathy causes Left Lateral calf pain.	B. Left Lateral calf pain causes Left L4 Radiculopathy	C. No causal relationship exists.		Let's work this out in a step by step way to be sure that we have the right answer. Then provide your final answer within the tags <Answer>A/B/C</Answer>.,pair9
8959,R S1 Radikulopati,R Lårbesvär,"R S1 Radikulopati causes R Lårbesvär.""R"" and ""L"" refer to the right and left sides of the body, respectively).Answer with true or false.",True,Which cause-and-effect relationship is more likely? Consider only direct causal mechanism and ignore any effect due to common causes.	A. Right S1 Radiculopathy causes Right Thigh pain.	B. Right Thigh pain causes Right S1 Radiculopathy	C. No causal relationship exists.		Let's work this out in a step by step way to be sure that we have the right answer. Then provide your final answer within the tags <Answer>A/B/C</Answer>.,pair10
3833,L T5 Radikulopati,L Bröstbesvär,"L T5 Radikulopati causes L Bröstbesvär.""R"" and ""L"" refer to the right and left sides of the body, respectively).Answer with true or false.",True,Which cause-and-effect relationship is more likely? Consider only direct causal mechanism and ignore any effect due to common causes.	A. Left T5 Radiculopathy causes Left Chest Pain.	B. Left Chest Pain causes Left T5 Radiculopathy	C. No causal relationship exists.		Let's work this out in a step by step way to be sure that we have the right answer. Then provide your final answer within the tags <Answer>A/B/C</Answer>.,pair11
663,L C5 Radikulopati,R Interskapulära besvär,"L C5 Radikulopati causes R Interskapulära besvär.""R"" and ""L"" refer to the right and left sides of the body, respectively).Answer with true or false.",True,Which cause-and-effect relationship is more likely? Consider only direct causal mechanism and ignore any effect due to common causes.	A. Left C5 Radiculopathy causes Right Interscapular pain.	B. Right Interscapular pain causes Left C5 Radiculopathy	C. No causal relationship exists.		Let's work this out in a step by step way to be sure that we have the right answer. Then provide your final answer within the tags <Answer>A/B/C</Answer>.,pair12
1251,R C6 Radikulopati,R Under armsbesvär,"R C6 Radikulopati causes R Under armsbesvär.""R"" and ""L"" refer to the right and left sides of the body, respectively).Answer with true or false.",True,Which cause-and-effect relationship is more likely? Consider only direct causal mechanism and ignore any effect due to common causes.	A. Right C6 Radiculopathy causes Right Underarm Pain.	B. Right Underarm Pain causes Right C6 Radiculopathy	C. No causal relationship exists.		Let's work this out in a step by step way to be sure that we have the right answer. Then provide your final answer within the tags <Answer>A/B/C</Answer>.,pair13
6832,L L1 Radikulopati,L Mediala ljumskbesvär,"L L1 Radikulopati causes L Mediala ljumskbesvär.""R"" and ""L"" refer to the right and left sides of the body, respectively).Answer with true or false.",True,Which cause-and-effect relationship is more likely? Consider only direct causal mechanism and ignore any effect due to common causes.	A. Left L1 Radiculopathy causes Left Medial groin pain.	B. Left Medial groin pain causes Left L1 Radiculopathy	C. No causal relationship exists.		Let's work this out in a step by step way to be sure that we have the right answer. Then provide your final answer within the tags <Answer>A/B/C</Answer>.,pair14
6837,L L1 Radikulopati,L Adduktortendalgi,"L L1 Radikulopati causes L Adduktortendalgi.""R"" and ""L"" refer to the right and left sides of the body, respectively).Answer with true or false.",True,Which cause-and-effect relationship is more likely? Consider only direct causal mechanism and ignore any effect due to common causes.	A. Left L1 Radiculopathy causes Left Adductor Tendonitis.	B. Left Adductor Tendonitis causes Left L1 Radiculopathy	C. No causal relationship exists.		Let's work this out in a step by step way to be sure that we have the right answer. Then provide your final answer within the tags <Answer>A/B/C</Answer>.,pair15
5618,L T10 Radikulopati,IBS,"L T10 Radikulopati causes IBS.""R"" and ""L"" refer to the right and left sides of the body, respectively).Answer with true or false.",True,Which cause-and-effect relationship is more likely? Consider only direct causal mechanism and ignore any effect due to common causes.	A. Left T10 Radiculopathy causes IBS.	B. IBS causes Left T10 Radiculopathy	C. No causal relationship exists.		Let's work this out in a step by step way to be sure that we have the right answer. Then provide your final answer within the tags <Answer>A/B/C</Answer>.,pair16
8568,R L5 Radikulopati,L Bakhuvudvärk,"R L5 Radikulopati causes L Bakhuvudvärk.""R"" and ""L"" refer to the right and left sides of the body, respectively).Answer with true or false.",True,Which cause-and-effect relationship is more likely? Consider only direct causal mechanism and ignore any effect due to common causes.	A. Right L5 Radiculopathy causes Left Occipital Headache.	B. Left Occipital Headache causes Right L5 Radiculopathy	C. No causal relationship exists.		Let's work this out in a step by step way to be sure that we have the right answer. Then provide your final answer within the tags <Answer>A/B/C</Answer>.,pair17
3834,L T5 Radikulopati,R Bröstbesvär,"L T5 Radikulopati causes R Bröstbesvär.""R"" and ""L"" refer to the right and left sides of the body, respectively).Answer with true or false.",True,Which cause-and-effect relationship is more likely? Consider only direct causal mechanism and ignore any effect due to common causes.	A. Left T5 Radiculopathy causes Right Chest pain.	B. Right Chest pain causes Left T5 Radiculopathy	C. No causal relationship exists.		Let's work this out in a step by step way to be sure that we have the right answer. Then provide your final answer within the tags <Answer>A/B/C</Answer>.,pair18
1048,L C6 Radikulopati,L Laterala armbågsbesvär,"L C6 Radikulopati causes L Laterala armbågsbesvär.""R"" and ""L"" refer to the right and left sides of the body, respectively).Answer with true or false.",True,Which cause-and-effect relationship is more likely? Consider only direct causal mechanism and ignore any effect due to common causes.	A. Left C6 Radiculopathy causes Left Lateral elbow pain.	B. Left Lateral elbow pain causes Left C6 Radiculopathy	C. No causal relationship exists.		Let's work this out in a step by step way to be sure that we have the right answer. Then provide your final answer within the tags <Answer>A/B/C</Answer>.,pair19
6832,L L1 Radikulopati,L Mediala ljumskbesvär,"L L1 Radikulopati causes L Mediala ljumskbesvär.""R"" and ""L"" refer to the right and left sides of the body, respectively).Answer with true or false.",True,Which cause-and-effect relationship is more likely? Consider only direct causal mechanism and ignore any effect due to common causes.	A. Left L1 Radiculopathy causes Left Medial groin pain.	B. Left Medial groin pain causes Left L1 Radiculopathy	C. No causal relationship exists.		Let's work this out in a step by step way to be sure that we have the right answer. Then provide your final answer within the tags <Answer>A/B/C</Answer>.,pair20
7996,L L4 Radikulopati,R Lumbago,"L L4 Radikulopati causes R Lumbago.""R"" and ""L"" refer to the right and left sides of the body, respectively).Answer with true or false.",True,Which cause-and-effect relationship is more likely? Consider only direct causal mechanism and ignore any effect due to common causes.	A. Left L4 Radiculopathy causes Right Lumbago.	B. Right Lumbago causes Left L4 Radiculopathy	C. No causal relationship exists.		Let's work this out in a step by step way to be sure that we have the right answer. Then provide your final answer within the tags <Answer>A/B/C</Answer>.,pair21
8604,R L5 Radikulopati,R Ischias,"R L5 Radikulopati causes R Ischias.""R"" and ""L"" refer to the right and left sides of the body, respectively).Answer with true or false.",True,Which cause-and-effect relationship is more likely? Consider only direct causal mechanism and ignore any effect due to common causes.	A. Right L5 Radiculopathy causes Right Sciatica.	B. Right Sciatica causes Right L5 Radiculopathy	C. No causal relationship exists.		Let's work this out in a step by step way to be sure that we have the right answer. Then provide your final answer within the tags <Answer>A/B/C</Answer>.,pair22
1451,L C7 Radikulopati,L Fingerbesvär,"L C7 Radikulopati causes L Fingerbesvär.""R"" and ""L"" refer to the right and left sides of the body, respectively).Answer with true or false.",True,Which cause-and-effect relationship is more likely? Consider only direct causal mechanism and ignore any effect due to common causes.	A. Left C7 Radiculopathy causes Left Finger Pain.	B. Left Finger Pain causes Left C7 Radiculopathy	C. No causal relationship exists.		Let's work this out in a step by step way to be sure that we have the right answer. Then provide your final answer within the tags <Answer>A/B/C</Answer>.,pair23
7488,R L2 Radikulopati,Nedre bukbesvär,"R L2 Radikulopati causes Nedre bukbesvär.""R"" and ""L"" refer to the right and left sides of the body, respectively).Answer with true or false.",True,Which cause-and-effect relationship is more likely? Consider only direct causal mechanism and ignore any effect due to common causes.	A. Right L2 Radiculopathy causes Lower abdominal pain.	B. Lower abdominal pain causes Right L2 Radiculopathy	C. No causal relationship exists.		Let's work this out in a step by step way to be sure that we have the right answer. Then provide your final answer within the tags <Answer>A/B/C</Answer>.,pair24
5943,R T10 Radikulopati,Bröstryggsbesvär,"R T10 Radikulopati causes Bröstryggsbesvär.""R"" and ""L"" refer to the right and left sides of the body, respectively).Answer with true or false.",True,Which cause-and-effect relationship is more likely? Consider only direct causal mechanism and ignore any effect due to common causes.	A. Right T10 Radiculopathy causes Thoracic Spine Pain.	B. Thoracic Spine Pain causes Right T10 Radiculopathy	C. No causal relationship exists.		Let's work this out in a step by step way to be sure that we have the right answer. Then provide your final answer within the tags <Answer>A/B/C</Answer>.,pair25
68,R C3 Radikulopati,R Käkbesvär,"R C3 Radikulopati causes R Käkbesvär.""R"" and ""L"" refer to the right and left sides of the body, respectively).Answer with true or false.",True,Which cause-and-effect relationship is more likely? Consider only direct causal mechanism and ignore any effect due to common causes.	A. Right C3 Radiculopathy causes Right Jaw pain.	B. Right Jaw pain causes Right C3 Radiculopathy	C. No causal relationship exists.		Let's work this out in a step by step way to be sure that we have the right answer. Then provide your final answer within the tags <Answer>A/B/C</Answer>.,pair26
7222,L L2 Radikulopati,R Adduktortendalgi,"L L2 Radikulopati causes R Adduktortendalgi.""R"" and ""L"" refer to the right and left sides of the body, respectively).Answer with true or false.",True,Which cause-and-effect relationship is more likely? Consider only direct causal mechanism and ignore any effect due to common causes.	A. Left L2 Radiculopathy causes Right Adductor Tendonitis.	B. Right Adductor Tendonitis causes Left L2 Radiculopathy	C. No causal relationship exists.		Let's work this out in a step by step way to be sure that we have the right answer. Then provide your final answer within the tags <Answer>A/B/C</Answer>.,pair27
8384,L L5 Radikulopati,L Benbesvär,"L L5 Radikulopati causes L Benbesvär.""R"" and ""L"" refer to the right and left sides of the body, respectively).Answer with true or false.",True,Which cause-and-effect relationship is more likely? Consider only direct causal mechanism and ignore any effect due to common causes.	A. Left L5 Radiculopathy causes Left Leg Pain.	B. Left Leg Pain causes Left L5 Radiculopathy	C. No causal relationship exists.		Let's work this out in a step by step way to be sure that we have the right answer. Then provide your final answer within the tags <Answer>A/B/C</Answer>.,pair28
854,R C5 Radikulopati,L Interskapulära besvär,"R C5 Radikulopati causes L Interskapulära besvär.""R"" and ""L"" refer to the right and left sides of the body, respectively).Answer with true or false.",True,Which cause-and-effect relationship is more likely? Consider only direct causal mechanism and ignore any effect due to common causes.	A. Right C5 Radiculopathy causes Left Interscapular pain.	B. Left Interscapular pain causes Right C5 Radiculopathy	C. No causal relationship exists.		Let's work this out in a step by step way to be sure that we have the right answer. Then provide your final answer within the tags <Answer>A/B/C</Answer>.,pair29
8198,R L4 Radikulopati,R Höftbesvär,"R L4 Radikulopati causes R Höftbesvär.""R"" and ""L"" refer to the right and left sides of the body, respectively).Answer with true or false.",True,Which cause-and-effect relationship is more likely? Consider only direct causal mechanism and ignore any effect due to common causes.	A. Right L4 Radiculopathy causes Right Hip pain.	B. Right Hip pain causes Right L4 Radiculopathy	C. No causal relationship exists.		Let's work this out in a step by step way to be sure that we have the right answer. Then provide your final answer within the tags <Answer>A/B/C</Answer>.,pair30
6770,L L1 Radikulopati,IBS,"L L1 Radikulopati causes IBS.""R"" and ""L"" refer to the right and left sides of the body, respectively).Answer with true or false.",True,Which cause-and-effect relationship is more likely? Consider only direct causal mechanism and ignore any effect due to common causes.	A. Left L1 Radiculopathy causes IBS.	B. IBS causes Left L1 Radiculopathy	C. No causal relationship exists.		Let's work this out in a step by step way to be sure that we have the right answer. Then provide your final answer within the tags <Answer>A/B/C</Answer>.,pair31
8379,L L5 Radikulopati,Lumbago,"L L5 Radikulopati causes Lumbago.""R"" and ""L"" refer to the right and left sides of the body, respectively).Answer with true or false.",True,Which cause-and-effect relationship is more likely? Consider only direct causal mechanism and ignore any effect due to common causes.	A. Left L5 Radiculopathy causes Lumbago.	B. Lumbago causes Left L5 Radiculopathy	C. No causal relationship exists.		Let's work this out in a step by step way to be sure that we have the right answer. Then provide your final answer within the tags <Answer>A/B/C</Answer>.,pair32
8762,L S1 Radikulopati,L Lumbago,"L S1 Radikulopati causes L Lumbago.""R"" and ""L"" refer to the right and left sides of the body, respectively).Answer with true or false.",True,Which cause-and-effect relationship is more likely? Consider only direct causal mechanism and ignore any effect due to common causes.	A. Left S1 Radiculopathy causes Left Lumbago.	B. Left Lumbago causes Left S1 Radiculopathy	C. No causal relationship exists.		Let's work this out in a step by step way to be sure that we have the right answer. Then provide your final answer within the tags <Answer>A/B/C</Answer>.,pair33
8808,L S1 Radikulopati,L Lilltåbesvär,"L S1 Radikulopati causes L Lilltåbesvär.""R"" and ""L"" refer to the right and left sides of the body, respectively).Answer with true or false.",True,Which cause-and-effect relationship is more likely? Consider only direct causal mechanism and ignore any effect due to common causes.	A. Left S1 Radiculopathy causes Left Little toe pain.	B. Left Little toe pain causes Left S1 Radiculopathy	C. No causal relationship exists.		Let's work this out in a step by step way to be sure that we have the right answer. Then provide your final answer within the tags <Answer>A/B/C</Answer>.,pair34
274,L C4 Radikulopati,R Skulderbesvär,"L C4 Radikulopati causes R Skulderbesvär.""R"" and ""L"" refer to the right and left sides of the body, respectively).Answer with true or false.",True,Which cause-and-effect relationship is more likely? Consider only direct causal mechanism and ignore any effect due to common causes.	A. Left C4 Radiculopathy causes Right Shoulder Pain.	B. Right Shoulder Pain causes Left C4 Radiculopathy	C. No causal relationship exists.		Let's work this out in a step by step way to be sure that we have the right answer. Then provide your final answer within the tags <Answer>A/B/C</Answer>.,pair35
263,L C4 Radikulopati,L Nyckelbensbesvär,"L C4 Radikulopati causes L Nyckelbensbesvär.""R"" and ""L"" refer to the right and left sides of the body, respectively).Answer with true or false.",True,Which cause-and-effect relationship is more likely? Consider only direct causal mechanism and ignore any effect due to common causes.	A. Left C4 Radiculopathy causes Left Clavicle pain.	B. Left Clavicle pain causes Left C4 Radiculopathy	C. No causal relationship exists.		Let's work this out in a step by step way to be sure that we have the right answer. Then provide your final answer within the tags <Answer>A/B/C</Answer>.,pair36
8571,R L5 Radikulopati,Lumbago,"R L5 Radikulopati causes Lumbago.""R"" and ""L"" refer to the right and left sides of the body, respectively).Answer with true or false.",True,Which cause-and-effect relationship is more likely? Consider only direct causal mechanism and ignore any effect due to common causes.	A. Right L5 Radiculopathy causes Lumbago.	B. Lumbago causes Right L5 Radiculopathy	C. No causal relationship exists.		Let's work this out in a step by step way to be sure that we have the right answer. Then provide your final answer within the tags <Answer>A/B/C</Answer>.,pair37
271,L C4 Radikulopati,L Axelbesvär,"L C4 Radikulopati causes L Axelbesvär.""R"" and ""L"" refer to the right and left sides of the body, respectively).Answer with true or false.",True,Which cause-and-effect relationship is more likely? Consider only direct causal mechanism and ignore any effect due to common causes.	A. Left C4 Radiculopathy causes Left Shoulder Pain.	B. Left Shoulder Pain causes Left C4 Radiculopathy	C. No causal relationship exists.		Let's work this out in a step by step way to be sure that we have the right answer. Then provide your final answer within the tags <Answer>A/B/C</Answer>.,pair38
8600,R L5 Radikulopati,R Fotvalvsbesvär,"R L5 Radikulopati causes R Fotvalvsbesvär.""R"" and ""L"" refer to the right and left sides of the body, respectively).Answer with true or false.",True,Which cause-and-effect relationship is more likely? Consider only direct causal mechanism and ignore any effect due to common causes.	A. Right L5 Radiculopathy causes Right Foot Arch pain.	B. Right Foot Arch pain causes Right L5 Radiculopathy	C. No causal relationship exists.		Let's work this out in a step by step way to be sure that we have the right answer. Then provide your final answer within the tags <Answer>A/B/C</Answer>.,pair39
7408,R L2 Radikulopati,L Mediala ljumskbesvär,"R L2 Radikulopati causes L Mediala ljumskbesvär.""R"" and ""L"" refer to the right and left sides of the body, respectively).Answer with true or false.",True,Which cause-and-effect relationship is more likely? Consider only direct causal mechanism and ignore any effect due to common causes.	A. Right L2 Radiculopathy causes Left Medial groin pain.	B. Left Medial groin pain causes Right L2 Radiculopathy	C. No causal relationship exists.		Let's work this out in a step by step way to be sure that we have the right answer. Then provide your final answer within the tags <Answer>A/B/C</Answer>.,pair40
52,R C3 Radikulopati,Nackbesvär,"R C3 Radikulopati causes Nackbesvär.""R"" and ""L"" refer to the right and left sides of the body, respectively).Answer with true or false.",True,Which cause-and-effect relationship is more likely? Consider only direct causal mechanism and ignore any effect due to common causes.	A. Right C3 Radiculopathy causes Neck pain.	B. Neck pain causes Right C3 Radiculopathy	C. No causal relationship exists.		Let's work this out in a step by step way to be sure that we have the right answer. Then provide your final answer within the tags <Answer>A/B/C</Answer>.,pair41
7618,L L3 Radikulopati,R Benbesvär,"L L3 Radikulopati causes R Benbesvär.""R"" and ""L"" refer to the right and left sides of the body, respectively).Answer with true or false.",True,Which cause-and-effect relationship is more likely? Consider only direct causal mechanism and ignore any effect due to common causes.	A. Left L3 Radiculopathy causes Right Leg pain.	B. Right Leg pain causes Left L3 Radiculopathy	C. No causal relationship exists.		Let's work this out in a step by step way to be sure that we have the right answer. Then provide your final answer within the tags <Answer>A/B/C</Answer>.,pair42
1819,L C8 Radikulopati,L Armbågsbesvär,"L C8 Radikulopati causes L Armbågsbesvär.""R"" and ""L"" refer to the right and left sides of the body, respectively).Answer with true or false.",True,Which cause-and-effect relationship is more likely? Consider only direct causal mechanism and ignore any effect due to common causes.	A. Left C8 Radiculopathy causes Left Elbow Pain.	B. Left Elbow Pain causes Left C8 Radiculopathy	C. No causal relationship exists.		Let's work this out in a step by step way to be sure that we have the right answer. Then provide your final answer within the tags <Answer>A/B/C</Answer>.,pair43
8589,R L5 Radikulopati,R Tibiaperialgi,"R L5 Radikulopati causes R Tibiaperialgi.""R"" and ""L"" refer to the right and left sides of the body, respectively).Answer with true or false.",True,Which cause-and-effect relationship is more likely? Consider only direct causal mechanism and ignore any effect due to common causes.	A. Right L5 Radiculopathy causes Right Tibial Periostitis.	B. Right Tibial Periostitis causes Right L5 Radiculopathy	C. No causal relationship exists.		Let's work this out in a step by step way to be sure that we have the right answer. Then provide your final answer within the tags <Answer>A/B/C</Answer>.,pair44
1229,R C6 Radikulopati,L Axel impingement,"R C6 Radikulopati causes L Axel impingement.""R"" and ""L"" refer to the right and left sides of the body, respectively).Answer with true or false.",True,Which cause-and-effect relationship is more likely? Consider only direct causal mechanism and ignore any effect due to common causes.	A. Right C6 Radiculopathy causes Left Shoulder Impingement.	B. Left Shoulder Impingement causes Right C6 Radiculopathy	C. No causal relationship exists.		Let's work this out in a step by step way to be sure that we have the right answer. Then provide your final answer within the tags <Answer>A/B/C</Answer>.,pair45
7217,L L2 Radikulopati,L Laterala ljumskbesvär,"L L2 Radikulopati causes L Laterala ljumskbesvär.""R"" and ""L"" refer to the right and left sides of the body, respectively).Answer with true or false.",True,Which cause-and-effect relationship is more likely? Consider only direct causal mechanism and ignore any effect due to common causes.	A. Left L2 Radiculopathy causes Left Lateral groin pain.	B. Left Lateral groin pain causes Left L2 Radiculopathy	C. No causal relationship exists.		Let's work this out in a step by step way to be sure that we have the right answer. Then provide your final answer within the tags <Answer>A/B/C</Answer>.,pair46
2001,R C8 Radikulopati,R Axelbesvär,"R C8 Radikulopati causes R Axelbesvär.""R"" and ""L"" refer to the right and left sides of the body, respectively).Answer with true or false.",True,Which cause-and-effect relationship is more likely? Consider only direct causal mechanism and ignore any effect due to common causes.	A. Right C8 Radiculopathy causes Right Shoulder pain.	B. Right Shoulder pain causes Right C8 Radiculopathy	C. No causal relationship exists.		Let's work this out in a step by step way to be sure that we have the right answer. Then provide your final answer within the tags <Answer>A/B/C</Answer>.,pair47
8950,R S1 Radikulopati,R Adduktortendalgi,"R S1 Radikulopati causes R Adduktortendalgi.""R"" and ""L"" refer to the right and left sides of the body, respectively).Answer with true or false.",True,Which cause-and-effect relationship is more likely? Consider only direct causal mechanism and ignore any effect due to common causes.	A. Right S1 Radiculopathy causes Right Adductor Tendonitis.	B. Right Adductor Tendonitis causes Right S1 Radiculopathy	C. No causal relationship exists.		Let's work this out in a step by step way to be sure that we have the right answer. Then provide your final answer within the tags <Answer>A/B/C</Answer>.,pair48
8813,L S1 Radikulopati,L Hälbesvär,"L S1 Radikulopati causes L Hälbesvär.""R"" and ""L"" refer to the right and left sides of the body, respectively).Answer with true or false.",True,Which cause-and-effect relationship is more likely? Consider only direct causal mechanism and ignore any effect due to common causes.	A. Left S1 Radiculopathy causes Left Heel Pain.	B. Left Heel Pain causes Left S1 Radiculopathy	C. No causal relationship exists.		Let's work this out in a step by step way to be sure that we have the right answer. Then provide your final answer within the tags <Answer>A/B/C</Answer>.,pair49
11405,Huvudvärk,L Axel impingement,"Huvudvärk causes L Axel impingement.""R"" and ""L"" refer to the right and left sides of the body, respectively).Answer with true or false.",False,Which cause-and-effect relationship is more likely? Consider only direct causal mechanism and ignore any effect due to common causes.	A. Headache causes Left Shoulder Impingement.	B. Left Shoulder Impingement causes Headache	C. No causal relationship exists.		Let's work this out in a step by step way to be sure that we have the right answer. Then provide your final answer within the tags <Answer>A/B/C</Answer>.,pair50
1008,L C6 Radikulopati,L S2 Radikulopati,"L C6 Radikulopati causes L S2 Radikulopati.""R"" and ""L"" refer to the right and left sides of the body, respectively).Answer with true or false.",False,Which cause-and-effect relationship is more likely? Consider only direct causal mechanism and ignore any effect due to common causes.	A. Left C6 Radiculopathy causes Left S2 Radiculopathy.	B. Left S2 Radiculopathy causes Left C6 Radiculopathy	C. No causal relationship exists.		Let's work this out in a step by step way to be sure that we have the right answer. Then provide your final answer within the tags <Answer>A/B/C</Answer>.,pair51
14590,R Främre Axelbesvär,Bukbesvär,"R Främre Axelbesvär causes Bukbesvär.""R"" and ""L"" refer to the right and left sides of the body, respectively).Answer with true or false.",False,Which cause-and-effect relationship is more likely? Consider only direct causal mechanism and ignore any effect due to common causes.	A. Right Anterior Shoulder pain causes Abdominal Pain.	B. Abdominal Pain causes Right Anterior Shoulder pain	C. No causal relationship exists.		Let's work this out in a step by step way to be sure that we have the right answer. Then provide your final answer within the tags <Answer>A/B/C</Answer>.,pair52
34803,R Achillodyni,L Nackbesvär,"R Achillodyni causes L Nackbesvär.""R"" and ""L"" refer to the right and left sides of the body, respectively).Answer with true or false.",False,Which cause-and-effect relationship is more likely? Consider only direct causal mechanism and ignore any effect due to common causes.	A. Right Achillodynia causes Left Neck pain.	B. Left Neck pain causes Right Achillodynia	C. No causal relationship exists.		Let's work this out in a step by step way to be sure that we have the right answer. Then provide your final answer within the tags <Answer>A/B/C</Answer>.,pair53
2829,R T2 Radikulopati,R Tibiaperialgi,"R T2 Radikulopati causes R Tibiaperialgi.""R"" and ""L"" refer to the right and left sides of the body, respectively).Answer with true or false.",False,Which cause-and-effect relationship is more likely? Consider only direct causal mechanism and ignore any effect due to common causes.	A. Right T2 Radiculopathy causes Right Tibial Periostitis.	B. Right Tibial Periostitis causes Right T2 Radiculopathy	C. No causal relationship exists.		Let's work this out in a step by step way to be sure that we have the right answer. Then provide your final answer within the tags <Answer>A/B/C</Answer>.,pair54
28895,L Fotvalvsbesvär,R Tumbesvär,"L Fotvalvsbesvär causes R Tumbesvär.""R"" and ""L"" refer to the right and left sides of the body, respectively).Answer with true or false.",False,Which cause-and-effect relationship is more likely? Consider only direct causal mechanism and ignore any effect due to common causes.	A. Left Arch Pain causes Right Thumb Pain.	B. Right Thumb Pain causes Left Arch Pain	C. No causal relationship exists.		Let's work this out in a step by step way to be sure that we have the right answer. Then provide your final answer within the tags <Answer>A/B/C</Answer>.,pair55
28017,L Stortårbesvär,L Achillesbesvär,"L Stortårbesvär causes L Achillesbesvär.""R"" and ""L"" refer to the right and left sides of the body, respectively).Answer with true or false.",False,Which cause-and-effect relationship is more likely? Consider only direct causal mechanism and ignore any effect due to common causes.	A. Left Big toe pain causes Left Achilles Pain.	B. Left Achilles Pain causes Left Big toe pain	C. No causal relationship exists.		Let's work this out in a step by step way to be sure that we have the right answer. Then provide your final answer within the tags <Answer>A/B/C</Answer>.,pair56
20286,R Mediala armbågsbesvär,R Främre lårbesvär,"R Mediala armbågsbesvär causes R Främre lårbesvär.""R"" and ""L"" refer to the right and left sides of the body, respectively).Answer with true or false.",False,Which cause-and-effect relationship is more likely? Consider only direct causal mechanism and ignore any effect due to common causes.	A. Right Medial Elbow pain causes Right Anterior Thigh pain.	B. Right Anterior Thigh pain causes Right Medial Elbow pain	C. No causal relationship exists.		Let's work this out in a step by step way to be sure that we have the right answer. Then provide your final answer within the tags <Answer>A/B/C</Answer>.,pair57
1214,R C6 Radikulopati,L Pannhuvudvärk,"R C6 Radikulopati causes L Pannhuvudvärk.""R"" and ""L"" refer to the right and left sides of the body, respectively).Answer with true or false.",False,Which cause-and-effect relationship is more likely? Consider only direct causal mechanism and ignore any effect due to common causes.	A. Right C6 Radiculopathy causes Left Forehead headache.	B. Left Forehead headache causes Right C6 Radiculopathy	C. No causal relationship exists.		Let's work this out in a step by step way to be sure that we have the right answer. Then provide your final answer within the tags <Answer>A/B/C</Answer>.,pair58
24131,R Främre lårbesvär,R Mediala vadbesvär,"R Främre lårbesvär causes R Mediala vadbesvär.""R"" and ""L"" refer to the right and left sides of the body, respectively).Answer with true or false.",False,Which cause-and-effect relationship is more likely? Consider only direct causal mechanism and ignore any effect due to common causes.	A. Right Anterior Thigh pain causes Right Medial Calf Pain.	B. Right Medial Calf Pain causes Right Anterior Thigh pain	C. No causal relationship exists.		Let's work this out in a step by step way to be sure that we have the right answer. Then provide your final answer within the tags <Answer>A/B/C</Answer>.,pair59
14050,L Central bröstsmärta,L T12 Radikulopati,"L Central bröstsmärta causes L T12 Radikulopati.""R"" and ""L"" refer to the right and left sides of the body, respectively).Answer with true or false.",False,Which cause-and-effect relationship is more likely? Consider only direct causal mechanism and ignore any effect due to common causes.	A. Left Central Chest Pain causes Left T12 Radiculopathy.	B. Left T12 Radiculopathy causes Left Central Chest Pain	C. No causal relationship exists.		Let's work this out in a step by step way to be sure that we have the right answer. Then provide your final answer within the tags <Answer>A/B/C</Answer>.,pair60
8484,R L5 Radikulopati,L L1 Radikulopati,"R L5 Radikulopati causes L L1 Radikulopati.""R"" and ""L"" refer to the right and left sides of the body, respectively).Answer with true or false.",False,Which cause-and-effect relationship is more likely? Consider only direct causal mechanism and ignore any effect due to common causes.	A. Right L5 Radiculopathy causes Left L1 Radiculopathy.	B. Left L1 Radiculopathy causes Right L5 Radiculopathy	C. No causal relationship exists.		Let's work this out in a step by step way to be sure that we have the right answer. Then provide your final answer within the tags <Answer>A/B/C</Answer>.,pair61
3783,L T5 Radikulopati,R Höftkamsbesvär,"L T5 Radikulopati causes R Höftkamsbesvär.""R"" and ""L"" refer to the right and left sides of the body, respectively).Answer with true or false.",False,Which cause-and-effect relationship is more likely? Consider only direct causal mechanism and ignore any effect due to common causes.	A. Left T5 Radiculopathy causes Right Iliac Crest pain.	B. Right Iliac Crest pain causes Left T5 Radiculopathy	C. No causal relationship exists.		Let's work this out in a step by step way to be sure that we have the right answer. Then provide your final answer within the tags <Answer>A/B/C</Answer>.,pair62
28355,L Fotbesvär,R Mediala vadbesvär,"L Fotbesvär causes R Mediala vadbesvär.""R"" and ""L"" refer to the right and left sides of the body, respectively).Answer with true or false.",False,Which cause-and-effect relationship is more likely? Consider only direct causal mechanism and ignore any effect due to common causes.	A. Left Foot Pain causes Right Medial Calf Pain.	B. Right Medial Calf Pain causes Left Foot Pain	C. No causal relationship exists.		Let's work this out in a step by step way to be sure that we have the right answer. Then provide your final answer within the tags <Answer>A/B/C</Answer>.,pair63
26588,R Främre knäbesvär,R Armbågsbesvär,"R Främre knäbesvär causes R Armbågsbesvär.""R"" and ""L"" refer to the right and left sides of the body, respectively).Answer with true or false.",False,Which cause-and-effect relationship is more likely? Consider only direct causal mechanism and ignore any effect due to common causes.	A. Right Anterior Knee pain causes Right Elbow pain.	B. Right Elbow pain causes Right Anterior Knee pain	C. No causal relationship exists.		Let's work this out in a step by step way to be sure that we have the right answer. Then provide your final answer within the tags <Answer>A/B/C</Answer>.,pair64
34607,R Achillestendalgi,R S1 Radikulopati,"R Achillestendalgi causes R S1 Radikulopati.""R"" and ""L"" refer to the right and left sides of the body, respectively).Answer with true or false.",False,Which cause-and-effect relationship is more likely? Consider only direct causal mechanism and ignore any effect due to common causes.	A. Right Achilles Tendonitis causes Right S1 Radiculopathy.	B. Right S1 Radiculopathy causes Right Achilles Tendonitis	C. No causal relationship exists.		Let's work this out in a step by step way to be sure that we have the right answer. Then provide your final answer within the tags <Answer>A/B/C</Answer>.,pair65
29625,L Ischias,R Tinnitus,"L Ischias causes R Tinnitus.""R"" and ""L"" refer to the right and left sides of the body, respectively).Answer with true or false.",False,Which cause-and-effect relationship is more likely? Consider only direct causal mechanism and ignore any effect due to common causes.	A. Left Sciatica causes Right Tinnitus.	B. Right Tinnitus causes Left Sciatica	C. No causal relationship exists.		Let's work this out in a step by step way to be sure that we have the right answer. Then provide your final answer within the tags <Answer>A/B/C</Answer>.,pair66
9161,L S2 Radikulopati,L Främre knäbesvär,"L S2 Radikulopati causes L Främre knäbesvär.""R"" and ""L"" refer to the right and left sides of the body, respectively).Answer with true or false.",False,Which cause-and-effect relationship is more likely? Consider only direct causal mechanism and ignore any effect due to common causes.	A. Left S2 Radiculopathy causes Left Anterior Knee Pain.	B. Left Anterior Knee Pain causes Left S2 Radiculopathy	C. No causal relationship exists.		Let's work this out in a step by step way to be sure that we have the right answer. Then provide your final answer within the tags <Answer>A/B/C</Answer>.,pair67
31933,R Laterala knäbesvär,L Käkbesvär,"R Laterala knäbesvär causes L Käkbesvär.""R"" and ""L"" refer to the right and left sides of the body, respectively).Answer with true or false.",False,Which cause-and-effect relationship is more likely? Consider only direct causal mechanism and ignore any effect due to common causes.	A. Right Lateral Knee pain causes Left Jaw pain.	B. Left Jaw pain causes Right Lateral Knee pain	C. No causal relationship exists.		Let's work this out in a step by step way to be sure that we have the right answer. Then provide your final answer within the tags <Answer>A/B/C</Answer>.,pair68
31877,R Laterala knäbesvär,R C5 Radikulopati,"R Laterala knäbesvär causes R C5 Radikulopati.""R"" and ""L"" refer to the right and left sides of the body, respectively).Answer with true or false.",False,Which cause-and-effect relationship is more likely? Consider only direct causal mechanism and ignore any effect due to common causes.	A. Right Lateral Knee pain causes Right C5 Radiculopathy.	B. Right C5 Radiculopathy causes Right Lateral Knee pain	C. No causal relationship exists.		Let's work this out in a step by step way to be sure that we have the right answer. Then provide your final answer within the tags <Answer>A/B/C</Answer>.,pair69
26400,R Mediala knäledsbesvär,L Handledsbesvär,"R Mediala knäledsbesvär causes L Handledsbesvär.""R"" and ""L"" refer to the right and left sides of the body, respectively).Answer with true or false.",False,Which cause-and-effect relationship is more likely? Consider only direct causal mechanism and ignore any effect due to common causes.	A. Right Medial Knee Joint Pain causes Left Wrist Pain.	B. Left Wrist Pain causes Right Medial Knee Joint Pain	C. No causal relationship exists.		Let's work this out in a step by step way to be sure that we have the right answer. Then provide your final answer within the tags <Answer>A/B/C</Answer>.,pair70
16878,L Laterala armbågsbesvär,Coccydyni,"L Laterala armbågsbesvär causes Coccydyni.""R"" and ""L"" refer to the right and left sides of the body, respectively).Answer with true or false.",False,Which cause-and-effect relationship is more likely? Consider only direct causal mechanism and ignore any effect due to common causes.	A. Left Lateral elbow pain causes Coccydynia.	B. Coccydynia causes Left Lateral elbow pain	C. No causal relationship exists.		Let's work this out in a step by step way to be sure that we have the right answer. Then provide your final answer within the tags <Answer>A/B/C</Answer>.,pair71
24698,L Lårbesvär,L Lumbago,"L Lårbesvär causes L Lumbago.""R"" and ""L"" refer to the right and left sides of the body, respectively).Answer with true or false.",False,Which cause-and-effect relationship is more likely? Consider only direct causal mechanism and ignore any effect due to common causes.	A. Left Thigh pain causes Left Lumbago.	B. Left Lumbago causes Left Thigh pain	C. No causal relationship exists.		Let's work this out in a step by step way to be sure that we have the right answer. Then provide your final answer within the tags <Answer>A/B/C</Answer>.,pair72
26458,R Mediala knäledsbesvär,R Tåledbesvär,"R Mediala knäledsbesvär causes R Tåledbesvär.""R"" and ""L"" refer to the right and left sides of the body, respectively).Answer with true or false.",False,Which cause-and-effect relationship is more likely? Consider only direct causal mechanism and ignore any effect due to common causes.	A. Right Medial Knee Joint Pain causes Right Toe Joint Pain.	B. Right Toe Joint Pain causes Right Medial Knee Joint Pain	C. No causal relationship exists.		Let's work this out in a step by step way to be sure that we have the right answer. Then provide your final answer within the tags <Answer>A/B/C</Answer>.,pair73
33258,Coccydyni,L L4 Radikulopati,"Coccydyni causes L L4 Radikulopati.""R"" and ""L"" refer to the right and left sides of the body, respectively).Answer with true or false.",False,Which cause-and-effect relationship is more likely? Consider only direct causal mechanism and ignore any effect due to common causes.	A. Coccydynia causes Left L4 Radiculopathy.	B. Left L4 Radiculopathy causes Coccydynia	C. No causal relationship exists.		Let's work this out in a step by step way to be sure that we have the right answer. Then provide your final answer within the tags <Answer>A/B/C</Answer>.,pair74
30279,L Vadbesvär,R Höftkamsbesvär,"L Vadbesvär causes R Höftkamsbesvär.""R"" and ""L"" refer to the right and left sides of the body, respectively).Answer with true or false.",False,Which cause-and-effect relationship is more likely? Consider only direct causal mechanism and ignore any effect due to common causes.	A. Left Calf pain causes Right Iliac Crest pain.	B. Right Iliac Crest pain causes Left Calf pain	C. No causal relationship exists.		Let's work this out in a step by step way to be sure that we have the right answer. Then provide your final answer within the tags <Answer>A/B/C</Answer>.,pair75
6384,L T12 Radikulopati,L S2 Radikulopati,"L T12 Radikulopati causes L S2 Radikulopati.""R"" and ""L"" refer to the right and left sides of the body, respectively).Answer with true or false.",False,Which cause-and-effect relationship is more likely? Consider only direct causal mechanism and ignore any effect due to common causes.	A. Left T12 Radiculopathy causes Left S2 Radiculopathy.	B. Left S2 Radiculopathy causes Left T12 Radiculopathy	C. No causal relationship exists.		Let's work this out in a step by step way to be sure that we have the right answer. Then provide your final answer within the tags <Answer>A/B/C</Answer>.,pair76
835,R C5 Radikulopati,Svalgbesvär,"R C5 Radikulopati causes Svalgbesvär.""R"" and ""L"" refer to the right and left sides of the body, respectively).Answer with true or false.",False,Which cause-and-effect relationship is more likely? Consider only direct causal mechanism and ignore any effect due to common causes.	A. Right C5 Radiculopathy causes Throat pain.	B. Throat pain causes Right C5 Radiculopathy	C. No causal relationship exists.		Let's work this out in a step by step way to be sure that we have the right answer. Then provide your final answer within the tags <Answer>A/B/C</Answer>.,pair77
6771,L L1 Radikulopati,L Nackbesvär,"L L1 Radikulopati causes L Nackbesvär.""R"" and ""L"" refer to the right and left sides of the body, respectively).Answer with true or false.",False,Which cause-and-effect relationship is more likely? Consider only direct causal mechanism and ignore any effect due to common causes.	A. Left L1 Radiculopathy causes Left Neck pain.	B. Left Neck pain causes Left L1 Radiculopathy	C. No causal relationship exists.		Let's work this out in a step by step way to be sure that we have the right answer. Then provide your final answer within the tags <Answer>A/B/C</Answer>.,pair78
14423,R Främre Axelbesvär,R T6 Radikulopati,"R Främre Axelbesvär causes R T6 Radikulopati.""R"" and ""L"" refer to the right and left sides of the body, respectively).Answer with true or false.",False,Which cause-and-effect relationship is more likely? Consider only direct causal mechanism and ignore any effect due to common causes.	A. Right Anterior Shoulder pain causes Right T6 Radiculopathy.	B. Right T6 Radiculopathy causes Right Anterior Shoulder pain	C. No causal relationship exists.		Let's work this out in a step by step way to be sure that we have the right answer. Then provide your final answer within the tags <Answer>A/B/C</Answer>.,pair79
5754,L T10 Radikulopati,R Bröstbesvär,"L T10 Radikulopati causes R Bröstbesvär.""R"" and ""L"" refer to the right and left sides of the body, respectively).Answer with true or false.",False,Which cause-and-effect relationship is more likely? Consider only direct causal mechanism and ignore any effect due to common causes.	A. Left T10 Radiculopathy causes Right Chest pain.	B. Right Chest pain causes Left T10 Radiculopathy	C. No causal relationship exists.		Let's work this out in a step by step way to be sure that we have the right answer. Then provide your final answer within the tags <Answer>A/B/C</Answer>.,pair80
1400,L C7 Radikulopati,L Öronbesvär,"L C7 Radikulopati causes L Öronbesvär.""R"" and ""L"" refer to the right and left sides of the body, respectively).Answer with true or false.",False,Which cause-and-effect relationship is more likely? Consider only direct causal mechanism and ignore any effect due to common causes.	A. Left C7 Radiculopathy causes Left Ear pain.	B. Left Ear pain causes Left C7 Radiculopathy	C. No causal relationship exists.		Let's work this out in a step by step way to be sure that we have the right answer. Then provide your final answer within the tags <Answer>A/B/C</Answer>.,pair81
10540,L Ögonbesvär,Hälbesvär,"L Ögonbesvär causes Hälbesvär.""R"" and ""L"" refer to the right and left sides of the body, respectively).Answer with true or false.",False,Which cause-and-effect relationship is more likely? Consider only direct causal mechanism and ignore any effect due to common causes.	A. Left Eye pain causes Heel Pain.	B. Heel Pain causes Left Eye pain	C. No causal relationship exists.		Let's work this out in a step by step way to be sure that we have the right answer. Then provide your final answer within the tags <Answer>A/B/C</Answer>.,pair82
34362,L Achillodyni,R Bröstbesvär,"L Achillodyni causes R Bröstbesvär.""R"" and ""L"" refer to the right and left sides of the body, respectively).Answer with true or false.",False,Which cause-and-effect relationship is more likely? Consider only direct causal mechanism and ignore any effect due to common causes.	A. Left Achillodynia causes Right Chest pain.	B. Right Chest pain causes Left Achillodynia	C. No causal relationship exists.		Let's work this out in a step by step way to be sure that we have the right answer. Then provide your final answer within the tags <Answer>A/B/C</Answer>.,pair83
22386,L Adduktortendalgi,Centrala Ljumskbesvär,"L Adduktortendalgi causes Centrala Ljumskbesvär.""R"" and ""L"" refer to the right and left sides of the body, respectively).Answer with true or false.",False,Which cause-and-effect relationship is more likely? Consider only direct causal mechanism and ignore any effect due to common causes.	A. Left Adductor Tendonitis causes Central Groin Pain.	B. Central Groin Pain causes Left Adductor Tendonitis	C. No causal relationship exists.		Let's work this out in a step by step way to be sure that we have the right answer. Then provide your final answer within the tags <Answer>A/B/C</Answer>.,pair84
21624,L Laterala ljumskbesvär,L Bakhuvudvärk,"L Laterala ljumskbesvär causes L Bakhuvudvärk.""R"" and ""L"" refer to the right and left sides of the body, respectively).Answer with true or false.",False,Which cause-and-effect relationship is more likely? Consider only direct causal mechanism and ignore any effect due to common causes.	A. Left Lateral groin pain causes Left Occipital Headache.	B. Left Occipital Headache causes Left Lateral groin pain	C. No causal relationship exists.		Let's work this out in a step by step way to be sure that we have the right answer. Then provide your final answer within the tags <Answer>A/B/C</Answer>.,pair85
22186,R Ljumskbesvär,R Mediala armbågsbesvär,"R Ljumskbesvär causes R Mediala armbågsbesvär.""R"" and ""L"" refer to the right and left sides of the body, respectively).Answer with true or false.",False,Which cause-and-effect relationship is more likely? Consider only direct causal mechanism and ignore any effect due to common causes.	A. Right Groin pain causes Right Medial Elbow pain.	B. Right Medial Elbow pain causes Right Groin pain	C. No causal relationship exists.		Let's work this out in a step by step way to be sure that we have the right answer. Then provide your final answer within the tags <Answer>A/B/C</Answer>.,pair86
15922,L Övre armsbesvär,L Achillestendalgi,"L Övre armsbesvär causes L Achillestendalgi.""R"" and ""L"" refer to the right and left sides of the body, respectively).Answer with true or false.",False,Which cause-and-effect relationship is more likely? Consider only direct causal mechanism and ignore any effect due to common causes.	A. Left Upper arm pain causes Left Achilles Tendonitis.	B. Left Achilles Tendonitis causes Left Upper arm pain	C. No causal relationship exists.		Let's work this out in a step by step way to be sure that we have the right answer. Then provide your final answer within the tags <Answer>A/B/C</Answer>.,pair87
8146,R L4 Radikulopati,R Skulderbesvär,"R L4 Radikulopati causes R Skulderbesvär.""R"" and ""L"" refer to the right and left sides of the body, respectively).Answer with true or false.",False,Which cause-and-effect relationship is more likely? Consider only direct causal mechanism and ignore any effect due to common causes.	A. Right L4 Radiculopathy causes Right Shoulder Pain.	B. Right Shoulder Pain causes Right L4 Radiculopathy	C. No causal relationship exists.		Let's work this out in a step by step way to be sure that we have the right answer. Then provide your final answer within the tags <Answer>A/B/C</Answer>.,pair88
34218,L Achillodyni,L L4 Radikulopati,"L Achillodyni causes L L4 Radikulopati.""R"" and ""L"" refer to the right and left sides of the body, respectively).Answer with true or false.",False,Which cause-and-effect relationship is more likely? Consider only direct causal mechanism and ignore any effect due to common causes.	A. Left Achillodynia causes Left L4 Radiculopathy.	B. Left L4 Radiculopathy causes Left Achillodynia	C. No causal relationship exists.		Let's work this out in a step by step way to be sure that we have the right answer. Then provide your final answer within the tags <Answer>A/B/C</Answer>.,pair89
8353,L L5 Radikulopati,R Handledsbesvär,"L L5 Radikulopati causes R Handledsbesvär.""R"" and ""L"" refer to the right and left sides of the body, respectively).Answer with true or false.",False,Which cause-and-effect relationship is more likely? Consider only direct causal mechanism and ignore any effect due to common causes.	A. Left L5 Radiculopathy causes Right Wrist pain.	B. Right Wrist pain causes Left L5 Radiculopathy	C. No causal relationship exists.		Let's work this out in a step by step way to be sure that we have the right answer. Then provide your final answer within the tags <Answer>A/B/C</Answer>.,pair90
23932,L Främre lårbesvär,R Lumbago,"L Främre lårbesvär causes R Lumbago.""R"" and ""L"" refer to the right and left sides of the body, respectively).Answer with true or false.",False,Which cause-and-effect relationship is more likely? Consider only direct causal mechanism and ignore any effect due to common causes.	A. Left Anterior Thigh Pain causes Right Lumbago.	B. Right Lumbago causes Left Anterior Thigh Pain	C. No causal relationship exists.		Let's work this out in a step by step way to be sure that we have the right answer. Then provide your final answer within the tags <Answer>A/B/C</Answer>.,pair91
27104,L Laterala vadbesvär,L T11 Radikulopati,"L Laterala vadbesvär causes L T11 Radikulopati.""R"" and ""L"" refer to the right and left sides of the body, respectively).Answer with true or false.",False,Which cause-and-effect relationship is more likely? Consider only direct causal mechanism and ignore any effect due to common causes.	A. Left Lateral calf pain causes Left T11 Radiculopathy.	B. Left T11 Radiculopathy causes Left Lateral calf pain	C. No causal relationship exists.		Let's work this out in a step by step way to be sure that we have the right answer. Then provide your final answer within the tags <Answer>A/B/C</Answer>.,pair92
5395,R T9 Radikulopati,R T4 Radikulopati,"R T9 Radikulopati causes R T4 Radikulopati.""R"" and ""L"" refer to the right and left sides of the body, respectively).Answer with true or false.",False,Which cause-and-effect relationship is more likely? Consider only direct causal mechanism and ignore any effect due to common causes.	A. Right T9 Radiculopathy causes Right T4 Radiculopathy.	B. Right T4 Radiculopathy causes Right T9 Radiculopathy	C. No causal relationship exists.		Let's work this out in a step by step way to be sure that we have the right answer. Then provide your final answer within the tags <Answer>A/B/C</Answer>.,pair93
1614,R C7 Radikulopati,R Axel impingement,"R C7 Radikulopati causes R Axel impingement.""R"" and ""L"" refer to the right and left sides of the body, respectively).Answer with true or false.",False,Which cause-and-effect relationship is more likely? Consider only direct causal mechanism and ignore any effect due to common causes.	A. Right C7 Radiculopathy causes Right Shoulder Impingement.	B. Right Shoulder Impingement causes Right C7 Radiculopathy	C. No causal relationship exists.		Let's work this out in a step by step way to be sure that we have the right answer. Then provide your final answer within the tags <Answer>A/B/C</Answer>.,pair94
14058,L Central bröstsmärta,L L4 Radikulopati,"L Central bröstsmärta causes L L4 Radikulopati.""R"" and ""L"" refer to the right and left sides of the body, respectively).Answer with true or false.",False,Which cause-and-effect relationship is more likely? Consider only direct causal mechanism and ignore any effect due to common causes.	A. Left Central Chest Pain causes Left L4 Radiculopathy.	B. Left L4 Radiculopathy causes Left Central Chest Pain	C. No causal relationship exists.		Let's work this out in a step by step way to be sure that we have the right answer. Then provide your final answer within the tags <Answer>A/B/C</Answer>.,pair95
4300,R T6 Radikulopati,R Främre Axelbesvär,"R T6 Radikulopati causes R Främre Axelbesvär.""R"" and ""L"" refer to the right and left sides of the body, respectively).Answer with true or false.",False,Which cause-and-effect relationship is more likely? Consider only direct causal mechanism and ignore any effect due to common causes.	A. Right T6 Radiculopathy causes Right Anterior Shoulder pain.	B. Right Anterior Shoulder pain causes Right T6 Radiculopathy	C. No causal relationship exists.		Let's work this out in a step by step way to be sure that we have the right answer. Then provide your final answer within the tags <Answer>A/B/C</Answer>.,pair96
22798,L Höftbesvär,L Laterala vadbesvär,"L Höftbesvär causes L Laterala vadbesvär.""R"" and ""L"" refer to the right and left sides of the body, respectively).Answer with true or false.",False,Which cause-and-effect relationship is more likely? Consider only direct causal mechanism and ignore any effect due to common causes.	A. Left Hip pain causes Left Lateral calf pain.	B. Left Lateral calf pain causes Left Hip pain	C. No causal relationship exists.		Let's work this out in a step by step way to be sure that we have the right answer. Then provide your final answer within the tags <Answer>A/B/C</Answer>.,pair97
12506,R PFS,L T8 Radikulopati,"R PFS causes L T8 Radikulopati.""R"" and ""L"" refer to the right and left sides of the body, respectively).Answer with true or false.",False,Which cause-and-effect relationship is more likely? Consider only direct causal mechanism and ignore any effect due to common causes.	A. Right Patellofemoral Pain Syndrome causes Left T8 Radiculopathy.	B. Left T8 Radiculopathy causes Right Patellofemoral Pain Syndrome	C. No causal relationship exists.		Let's work this out in a step by step way to be sure that we have the right answer. Then provide your final answer within the tags <Answer>A/B/C</Answer>.,pair98
8852,R S1 Radikulopati,L T5 Radikulopati,"R S1 Radikulopati causes L T5 Radikulopati.""R"" and ""L"" refer to the right and left sides of the body, respectively).Answer with true or false.",False,Which cause-and-effect relationship is more likely? Consider only direct causal mechanism and ignore any effect due to common causes.	A. Right S1 Radiculopathy causes Left T5 Radiculopathy.	B. Left T5 Radiculopathy causes Right S1 Radiculopathy	C. No causal relationship exists.		Let's work this out in a step by step way to be sure that we have the right answer. Then provide your final answer within the tags <Answer>A/B/C</Answer>.,pair99
